mean_fit_time,std_fit_time,mean_score_time,std_score_time,param_max_depth,param_max_features,params,split0_test_score,split1_test_score,split2_test_score,split3_test_score,split4_test_score,mean_test_score,std_test_score,rank_test_score
0.009845447540283204,0.0007343033594060084,0.0016010761260986327,0.0004917753777845109,3,10,"{'max_depth': 3, 'max_features': 10}",0.4921875,0.5234375,0.515625,0.515625,0.578125,0.525,0.02855572950390167,44
0.011410331726074219,0.003272809685078118,0.0025847911834716796,0.0004957773552179623,3,15,"{'max_depth': 3, 'max_features': 15}",0.5703125,0.5546875,0.5625,0.578125,0.5234375,0.5578125,0.01887975933374152,34
0.011394357681274414,0.0008198711474647083,0.002005338668823242,2.1864426647396804e-05,3,25,"{'max_depth': 3, 'max_features': 25}",0.6015625,0.5546875,0.5,0.5234375,0.578125,0.5515625,0.03651037951733725,38
0.01016993522644043,0.00040081997800848064,0.0017091751098632813,0.00039198773813687904,3,50,"{'max_depth': 3, 'max_features': 50}",0.609375,0.5859375,0.5234375,0.546875,0.5625,0.565625,0.029892385108920304,31
0.010954141616821289,4.770755172073655e-06,0.000999116897583008,3.339903070037358e-06,3,100,"{'max_depth': 3, 'max_features': 100}",0.5546875,0.515625,0.59375,0.5546875,0.5390625,0.5515625,0.02548360379734389,38
0.012118768692016602,0.0011094810502337105,0.001978349685668945,2.0487024245792256e-05,3,250,"{'max_depth': 3, 'max_features': 250}",0.609375,0.6015625,0.5234375,0.5390625,0.4765625,0.55,0.049804304532841334,40
0.013786745071411134,0.00041773861843500033,0.001987791061401367,1.5943483753512457e-05,3,500,"{'max_depth': 3, 'max_features': 500}",0.578125,0.609375,0.6015625,0.5859375,0.5703125,0.5890625,0.014490028899212037,20
0.01803250312805176,0.00018193880330933125,0.001858091354370117,0.00023958211225665968,3,1000,"{'max_depth': 3, 'max_features': 1000}",0.578125,0.578125,0.53125,0.625,0.59375,0.58125,0.03029799910885206,24
0.026323986053466798,0.0009723347530235268,0.001790618896484375,0.00039812909087979744,3,2000,"{'max_depth': 3, 'max_features': 2000}",0.578125,0.578125,0.59375,0.6015625,0.5703125,0.584375,0.011481983169296148,22
0.03455443382263183,0.000876366070465471,0.0019945621490478514,2.588457270992878e-05,3,3000,"{'max_depth': 3, 'max_features': 3000}",0.578125,0.5703125,0.59375,0.59375,0.5859375,0.584375,0.009110862335695781,22
0.035341930389404294,0.0005986075766632084,0.0020069122314453126,2.4315235415434878e-05,3,3251,"{'max_depth': 3, 'max_features': 3251}",0.578125,0.578125,0.59375,0.6015625,0.6171875,0.59375,0.014823176532039278,18
0.0099334716796875,0.0005689224046448541,0.001601409912109375,0.0004895732037315841,5,10,"{'max_depth': 5, 'max_features': 10}",0.5859375,0.5078125,0.6796875,0.578125,0.5390625,0.578125,0.05804429881564597,27
0.009580755233764648,0.0004983078713056657,0.001498842239379883,0.00044396711230032754,5,15,"{'max_depth': 5, 'max_features': 15}",0.609375,0.5703125,0.578125,0.5078125,0.5078125,0.5546875,0.04044430970482745,36
0.009830617904663086,0.0006930405883080341,0.0019884109497070312,8.985565766822461e-06,5,25,"{'max_depth': 5, 'max_features': 25}",0.5390625,0.5234375,0.59375,0.515625,0.5546875,0.5453125,0.02768757054167086,42
0.010444068908691406,0.00059940468974272,0.0018009185791015626,0.0004027817423363558,5,50,"{'max_depth': 5, 'max_features': 50}",0.5859375,0.578125,0.5390625,0.5703125,0.6328125,0.58125,0.030297999108852055,24
0.012246322631835938,0.0024326421847170204,0.0015949249267578126,0.0004881494174624682,5,100,"{'max_depth': 5, 'max_features': 100}",0.5625,0.5078125,0.5625,0.5625,0.59375,0.5578125,0.027775607554111213,34
0.014871835708618164,0.002516297582768426,0.002194643020629883,0.00039637892937211027,5,250,"{'max_depth': 5, 'max_features': 250}",0.5625,0.625,0.59375,0.578125,0.5390625,0.5796875,0.028980057798424073,26
0.022360897064208983,0.0068685895026313025,0.0019884586334228517,0.001093013591739251,5,500,"{'max_depth': 5, 'max_features': 500}",0.6171875,0.578125,0.6171875,0.5703125,0.5546875,0.5875,0.025387620014487376,21
0.02257547378540039,0.0004528907504649966,0.001795053482055664,0.0003993955132021889,5,1000,"{'max_depth': 5, 'max_features': 1000}",0.671875,0.609375,0.5390625,0.6171875,0.5703125,0.6015625,0.04501518840902479,13
0.03814678192138672,0.005412302552081552,0.0019762516021728516,8.957421236981785e-05,5,2000,"{'max_depth': 5, 'max_features': 2000}",0.6484375,0.5859375,0.5546875,0.59375,0.6015625,0.596875,0.03029799910885206,16
0.05355391502380371,0.005731666455631936,0.0019943714141845703,6.211707713883234e-06,5,3000,"{'max_depth': 5, 'max_features': 3000}",0.6171875,0.578125,0.578125,0.59375,0.609375,0.5953125,0.015934435979977454,17
0.050244474411010744,0.0008057567943142058,0.0017953872680664062,0.00040041517300193883,5,3251,"{'max_depth': 5, 'max_features': 3251}",0.6328125,0.6171875,0.578125,0.609375,0.6171875,0.6109375,0.01808724516060973,9
0.013933944702148437,0.003936096210282425,0.0025957107543945314,0.0007949165671895776,7,10,"{'max_depth': 7, 'max_features': 10}",0.578125,0.5546875,0.5546875,0.6015625,0.5546875,0.56875,0.01875,28
0.009767723083496094,0.00040302318924115743,0.001817607879638672,0.00040944601005730557,7,15,"{'max_depth': 7, 'max_features': 15}",0.5859375,0.515625,0.53125,0.5859375,0.625,0.56875,0.03995847453920132,28
0.01018695831298828,0.0003882064056797499,0.0017746925354003907,0.00041349100171310095,7,25,"{'max_depth': 7, 'max_features': 25}",0.546875,0.6171875,0.5390625,0.5390625,0.6015625,0.56875,0.03365728004459065,28
0.01038808822631836,0.00046614497740634525,0.0015958786010742188,0.00048496183005862986,7,50,"{'max_depth': 7, 'max_features': 50}",0.5390625,0.53125,0.5,0.5703125,0.5625,0.540625,0.024902152266420667,43
0.011474943161010743,0.0004492378147808562,0.001993703842163086,1.3353483861135277e-05,7,100,"{'max_depth': 7, 'max_features': 100}",0.53125,0.6640625,0.578125,0.5859375,0.6328125,0.5984375,0.045981059279881754,15
0.014188003540039063,0.00045605271191125686,0.001794719696044922,0.00039967279431781725,7,250,"{'max_depth': 7, 'max_features': 250}",0.625,0.6796875,0.640625,0.640625,0.5859375,0.634375,0.030217311884083928,1
0.01850099563598633,0.00033637924322949236,0.00199127197265625,5.688169654253636e-06,7,500,"{'max_depth': 7, 'max_features': 500}",0.59375,0.6640625,0.546875,0.6640625,0.5390625,0.6015625,0.05435164728414402,13
0.02690744400024414,0.0005227828491138074,0.0017852783203125,0.0004013583143495861,7,1000,"{'max_depth': 7, 'max_features': 1000}",0.640625,0.578125,0.59375,0.609375,0.6171875,0.6078125,0.021194781197266463,11
0.04314570426940918,0.0011350233754992664,0.0019921302795410157,5.009287256877478e-06,7,2000,"{'max_depth': 7, 'max_features': 2000}",0.5703125,0.6171875,0.5625,0.6328125,0.6328125,0.603125,0.030618621784789725,12
0.0586245059967041,0.000850600000666843,0.0016050338745117188,0.0004900705115505649,7,3000,"{'max_depth': 7, 'max_features': 3000}",0.609375,0.6953125,0.578125,0.6484375,0.609375,0.628125,0.04032339968926232,2
0.062073278427124026,0.0009857674696333468,0.002004241943359375,2.0068330682086617e-05,7,3251,"{'max_depth': 7, 'max_features': 3251}",0.6015625,0.703125,0.5546875,0.6171875,0.6328125,0.621875,0.04831132760543846,7
0.009532499313354491,0.0005136986070017662,0.00200042724609375,2.1278160281450325e-05,10,10,"{'max_depth': 10, 'max_features': 10}",0.5546875,0.546875,0.59375,0.53125,0.515625,0.5484375,0.02633171804117612,41
0.009731245040893555,0.00039062892899735226,0.002007293701171875,1.5701922532929345e-05,10,15,"{'max_depth': 10, 'max_features': 15}",0.5234375,0.5703125,0.6015625,0.5234375,0.5546875,0.5546875,0.029646353064078555,36
0.010268497467041015,0.00039588405067543845,0.0020091056823730467,0.00041650835681700265,10,25,"{'max_depth': 10, 'max_features': 25}",0.578125,0.5703125,0.4921875,0.5859375,0.59375,0.5640625,0.03677688217481194,32
0.01096358299255371,2.3664097918621754e-05,0.001600360870361328,0.0004908395639889586,10,50,"{'max_depth': 10, 'max_features': 50}",0.609375,0.5234375,0.5625,0.5625,0.546875,0.5609375,0.028125,33
0.012012720108032227,0.00041555508885590176,0.0018073558807373048,0.00039026109664288156,10,100,"{'max_depth': 10, 'max_features': 100}",0.5859375,0.5703125,0.65625,0.625,0.703125,0.628125,0.04805798906009281,2
0.015782976150512697,0.0005049077473130347,0.0020655155181884765,0.00014031824433676386,10,250,"{'max_depth': 10, 'max_features': 250}",0.6328125,0.65625,0.6015625,0.59375,0.609375,0.61875,0.022857404434887176,8
0.021076536178588866,0.0007037540511728314,0.0017951488494873046,0.00040370774180897715,10,500,"{'max_depth': 10, 'max_features': 500}",0.640625,0.65625,0.625,0.6171875,0.59375,0.6265625,0.021194781197266466,4
0.03144526481628418,0.0008691683943980505,0.0022994518280029298,0.00040775230640343604,10,1000,"{'max_depth': 10, 'max_features': 1000}",0.609375,0.546875,0.5078125,0.6875,0.6015625,0.590625,0.06103757807695191,19
0.0553248405456543,0.0059285762356290315,0.0021237850189208983,0.00023963443676210344,10,2000,"{'max_depth': 10, 'max_features': 2000}",0.6484375,0.5703125,0.5703125,0.65625,0.671875,0.6234375,0.04402813376126678,5
0.07717642784118653,0.007779155369334039,0.002192401885986328,0.00039844960899080976,10,3000,"{'max_depth': 10, 'max_features': 3000}",0.6015625,0.625,0.578125,0.6484375,0.6640625,0.6234375,0.031014739439498763,5
0.07495479583740235,0.001007463421074174,0.001949453353881836,0.00011303138940507035,10,3251,"{'max_depth': 10, 'max_features': 3251}",0.6015625,0.609375,0.59375,0.6484375,0.59375,0.609375,0.020372507516258277,10
0.015551280975341798,0.0004899402696298658,0.002796363830566406,0.00039175425526172627,3,10,"{'max_depth': 3, 'max_features': 10}",0.5,0.515625,0.5078125,0.5,0.4921875,0.503125,0.007967217989988727,48
0.016023588180541993,0.0010216592640036183,0.0028025150299072266,0.00040118281636683376,3,15,"{'max_depth': 3, 'max_features': 15}",0.515625,0.484375,0.4921875,0.5078125,0.515625,0.503125,0.012693810007243688,48
0.015944576263427733,0.000267021426030694,0.0027842044830322264,0.0003958405129973382,3,25,"{'max_depth': 3, 'max_features': 25}",0.5078125,0.4921875,0.5234375,0.4921875,0.5,0.503125,0.011692679333668566,48
0.015852832794189455,0.0007981938494891456,0.0027935981750488283,0.0003989912632235137,3,50,"{'max_depth': 3, 'max_features': 50}",0.484375,0.5078125,0.5234375,0.5078125,0.53125,0.5109375,0.016086922095292187,44
0.01660747528076172,0.0005065145203813141,0.003022623062133789,6.648748269822517e-05,3,100,"{'max_depth': 3, 'max_features': 100}",0.5078125,0.5,0.484375,0.5078125,0.515625,0.503125,0.010597390598633231,48
0.018667078018188475,0.0005248574260896284,0.0025905609130859376,0.0004830976919463858,3,250,"{'max_depth': 3, 'max_features': 250}",0.515625,0.5234375,0.546875,0.546875,0.484375,0.5234375,0.023175620272173948,37
0.02172064781188965,0.0002914420363154614,0.0025401592254638674,0.00040816498686905027,3,500,"{'max_depth': 3, 'max_features': 500}",0.546875,0.5,0.53125,0.546875,0.5390625,0.5328125,0.017399263633843823,32
0.024898004531860352,0.00028620175381271514,0.0030191421508789064,1.529852342812e-05,3,1000,"{'max_depth': 3, 'max_features': 1000}",0.5390625,0.546875,0.5703125,0.53125,0.5390625,0.5453125,0.013441133229754104,27
0.03289670944213867,0.0006820943026413666,0.002982473373413086,0.0006164569444557303,3,2000,"{'max_depth': 3, 'max_features': 2000}",0.5546875,0.5546875,0.546875,0.59375,0.546875,0.559375,0.01753901900050285,24
0.03957052230834961,0.0006156693710492388,0.0027879714965820313,0.00039830926242223673,3,3000,"{'max_depth': 3, 'max_features': 3000}",0.546875,0.5859375,0.5625,0.5546875,0.5546875,0.5609375,0.013441133229754104,23
0.050978231430053714,0.004179042698321181,0.0031989574432373046,0.0004115952065256099,3,4000,"{'max_depth': 3, 'max_features': 4000}",0.578125,0.5703125,0.546875,0.59375,0.5859375,0.575,0.016086922095292187,20
0.062010002136230466,0.008709560744188941,0.0029876232147216797,6.476916173556387e-06,3,5000,"{'max_depth': 3, 'max_features': 5000}",0.578125,0.5703125,0.5625,0.59375,0.5859375,0.578125,0.011048543456039806,19
0.060451316833496097,0.0006580523198450385,0.0031742095947265626,0.00040816788915777055,3,5578,"{'max_depth': 3, 'max_features': 5578}",0.578125,0.5703125,0.5625,0.59375,0.59375,0.5796875,0.012499999999999999,18
0.016208457946777343,0.0002403585850764242,0.002791690826416016,0.00040256970797835636,5,10,"{'max_depth': 5, 'max_features': 10}",0.4921875,0.53125,0.515625,0.5078125,0.5,0.509375,0.013441133229754104,45
0.016156673431396484,0.00048370630206374623,0.002841615676879883,0.0004360828610762707,5,15,"{'max_depth': 5, 'max_features': 15}",0.515625,0.5078125,0.5234375,0.515625,0.515625,0.515625,0.004941058844013093,40
0.01621975898742676,0.0003492460816987162,0.00296173095703125,0.0005216920736358058,5,25,"{'max_depth': 5, 'max_features': 25}",0.53125,0.4921875,0.546875,0.484375,0.5078125,0.5125,0.023489525591207667,42
0.016942882537841798,0.0006310544381690729,0.002759504318237305,0.00028573582543645895,5,50,"{'max_depth': 5, 'max_features': 50}",0.515625,0.515625,0.5078125,0.515625,0.484375,0.5078125,0.012103072956898178,46
0.018322849273681642,0.00038679587743597793,0.0028148174285888674,0.00021651113441781592,5,100,"{'max_depth': 5, 'max_features': 100}",0.53125,0.5390625,0.4921875,0.53125,0.5078125,0.5203125,0.017539019000502847,39
0.020338916778564455,0.0005707699075226182,0.0031444072723388673,0.0003092766910873908,5,250,"{'max_depth': 5, 'max_features': 250}",0.6015625,0.5625,0.5546875,0.53125,0.4921875,0.5484375,0.036106937525910446,26
0.02327384948730469,0.0005409196376282481,0.002591514587402344,0.00048795472623083754,5,500,"{'max_depth': 5, 'max_features': 500}",0.5,0.5234375,0.53125,0.5,0.5703125,0.525,0.0258639771206982,36
0.03004140853881836,0.0011468898431241897,0.0028710365295410156,0.00023842029570915227,5,1000,"{'max_depth': 5, 'max_features': 1000}",0.59375,0.578125,0.515625,0.53125,0.6015625,0.5640625,0.034375,22
0.04276728630065918,0.002683505995084659,0.0029908180236816405,0.0006299249080288639,5,2000,"{'max_depth': 5, 'max_features': 2000}",0.5859375,0.5546875,0.5859375,0.578125,0.5703125,0.575,0.011692679333668566,20
0.05407061576843262,0.0033059717701434156,0.002870512008666992,0.00020527589887280194,5,3000,"{'max_depth': 5, 'max_features': 3000}",0.6015625,0.5859375,0.5859375,0.609375,0.609375,0.5984375,0.010597390598633231,15
0.06742582321166993,0.004527354156483633,0.0026357173919677734,0.00044233628773190887,5,4000,"{'max_depth': 5, 'max_features': 4000}",0.6015625,0.59375,0.5703125,0.609375,0.625,0.6,0.018087245160609725,12
0.0758488655090332,0.0024273952172939933,0.0029900074005126953,1.0115243642614567e-06,5,5000,"{'max_depth': 5, 'max_features': 5000}",0.6015625,0.59375,0.59375,0.6171875,0.59375,0.6,0.009110862335695781,12
0.08579387664794921,0.00395503904950117,0.002792215347290039,0.0003950008787277631,5,5578,"{'max_depth': 5, 'max_features': 5578}",0.6015625,0.59375,0.59375,0.6015625,0.59375,0.596875,0.0038273277230987156,16
0.017281532287597656,0.0030485703131250207,0.002952098846435547,7.558357812613086e-05,7,10,"{'max_depth': 7, 'max_features': 10}",0.5,0.5078125,0.515625,0.515625,0.4921875,0.50625,0.009110862335695781,47
0.017947292327880858,0.003498110076180654,0.002979135513305664,0.0006238467046572017,7,15,"{'max_depth': 7, 'max_features': 15}",0.53125,0.5,0.5,0.53125,0.5,0.5125,0.015309310892394862,42
0.017924785614013672,0.002681203950555348,0.0027911186218261717,0.0003986123468224436,7,25,"{'max_depth': 7, 'max_features': 25}",0.5234375,0.4921875,0.4765625,0.5078125,0.5,0.5,0.015625,52
0.017652082443237304,0.000888986652028918,0.002477741241455078,0.000771222946419124,7,50,"{'max_depth': 7, 'max_features': 50}",0.5,0.5078125,0.5390625,0.5078125,0.5859375,0.528125,0.0318688719599549,35
0.019318103790283203,0.0018619115903242825,0.0027413368225097656,0.0003856702150146126,7,100,"{'max_depth': 7, 'max_features': 100}",0.53125,0.5,0.5390625,0.5234375,0.5703125,0.5328125,0.02285740443488718,32
0.023101282119750977,0.0021656240577282667,0.0032557010650634765,0.00021906184483994775,7,250,"{'max_depth': 7, 'max_features': 250}",0.5625,0.53125,0.5078125,0.5546875,0.5625,0.54375,0.0213096589015404,29
0.028525733947753908,0.00419318477526186,0.003421306610107422,0.0014143634213644011,7,500,"{'max_depth': 7, 'max_features': 500}",0.5703125,0.5546875,0.6015625,0.546875,0.5234375,0.559375,0.025958199571618983,24
0.03365955352783203,0.0011627079835277445,0.002428579330444336,0.000535630553676552,7,1000,"{'max_depth': 7, 'max_features': 1000}",0.59375,0.6171875,0.6328125,0.609375,0.5859375,0.6078125,0.016682934768798924,9
0.051230573654174806,0.004289588215653201,0.0030731201171875,0.00015461944661705418,7,2000,"{'max_depth': 7, 'max_features': 2000}",0.5859375,0.5859375,0.546875,0.609375,0.6328125,0.5921875,0.028555729503901665,17
0.06442732810974121,0.000708520785406481,0.0027390003204345705,0.0006770857518274749,7,3000,"{'max_depth': 7, 'max_features': 3000}",0.6015625,0.609375,0.59375,0.609375,0.609375,0.6046875,0.00625,11
0.08070378303527832,0.0016318532948371447,0.002626371383666992,0.00045217071070347584,7,4000,"{'max_depth': 7, 'max_features': 4000}",0.625,0.609375,0.578125,0.609375,0.6171875,0.6078125,0.015934435979977454,9
0.09517769813537598,0.0037103919370862822,0.0030674457550048826,0.00011618921868719431,7,5000,"{'max_depth': 7, 'max_features': 5000}",0.6171875,0.609375,0.59375,0.65625,0.6171875,0.61875,0.020610790559801435,4
0.10346612930297852,0.0005943042776565347,0.0029915809631347657,6.717483131982085e-06,7,5578,"{'max_depth': 7, 'max_features': 5578}",0.6171875,0.609375,0.5625,0.65625,0.625,0.6140625,0.03029799910885206,6
0.016173028945922853,0.00045435469592281576,0.0027979373931884765,0.0005193746925978746,10,10,"{'max_depth': 10, 'max_features': 10}",0.515625,0.515625,0.515625,0.5,0.5234375,0.5140625,0.007654655446197431,41
0.016449689865112305,0.0004417810449523204,0.0025769710540771485,0.00047803396236923405,10,15,"{'max_depth': 10, 'max_features': 15}",0.515625,0.5,0.5078125,0.578125,0.515625,0.5234375,0.02795084971874737,37
0.016557025909423827,0.000374981673044748,0.002681541442871094,0.0003991921777565103,10,25,"{'max_depth': 10, 'max_features': 25}",0.5390625,0.515625,0.5625,0.5078125,0.5625,0.5375,0.022857404434887176,31
0.017261266708374023,0.0005163924731130576,0.0027901649475097655,0.0003937967804987364,10,50,"{'max_depth': 10, 'max_features': 50}",0.546875,0.5703125,0.5390625,0.546875,0.5234375,0.5453125,0.015148999554426027,27
0.018713092803955077,0.00026881077224336525,0.0026267051696777345,0.0005376722719659593,10,100,"{'max_depth': 10, 'max_features': 100}",0.5546875,0.53125,0.4921875,0.5234375,0.5546875,0.53125,0.023175620272173948,34
0.022017288208007812,0.0006137807892170514,0.002791309356689453,0.0004000409303468536,10,250,"{'max_depth': 10, 'max_features': 250}",0.6171875,0.53125,0.515625,0.546875,0.5078125,0.54375,0.03909373750999001,29
0.027478599548339845,0.0006058694808553762,0.002997303009033203,3.017087030050611e-05,10,500,"{'max_depth': 10, 'max_features': 500}",0.609375,0.5859375,0.5703125,0.6015625,0.6875,0.6109375,0.040564859330459904,7
0.03901729583740234,0.00035434152631619396,0.0029993534088134767,0.0006550862809909581,10,1000,"{'max_depth': 10, 'max_features': 1000}",0.59375,0.609375,0.578125,0.6015625,0.6171875,0.6,0.013441133229754104,12
0.05816969871520996,0.001564702998104463,0.0029860496520996093,8.870452870281477e-06,10,2000,"{'max_depth': 10, 'max_features': 2000}",0.625,0.6171875,0.59375,0.625,0.625,0.6171875,0.012103072956898178,5
0.08580293655395507,0.009567691263884768,0.0029729366302490234,1.1211860247324941e-05,10,3000,"{'max_depth': 10, 'max_features': 3000}",0.625,0.609375,0.5703125,0.6328125,0.6171875,0.6109375,0.021763106683100185,7
0.09969539642333984,0.0034493755371992696,0.002855873107910156,0.0002637661107641951,10,4000,"{'max_depth': 10, 'max_features': 4000}",0.609375,0.6015625,0.5859375,0.671875,0.6796875,0.6296875,0.03846416757840991,1
0.12620420455932618,0.012743540323327902,0.003236818313598633,0.001428225099974665,10,5000,"{'max_depth': 10, 'max_features': 5000}",0.625,0.6171875,0.578125,0.6484375,0.6484375,0.6234375,0.0258639771206982,3
0.12973346710205078,0.0020501135171621444,0.002983236312866211,2.0939938828593917e-05,10,5578,"{'max_depth': 10, 'max_features': 5578}",0.625,0.6015625,0.59375,0.65625,0.6484375,0.625,0.024705294220065465,2
0.024083948135375975,0.00048187075289804075,0.003791952133178711,0.000405702643512048,3,10,"{'max_depth': 3, 'max_features': 10}",0.5078125,0.5,0.5078125,0.515625,0.5,0.50625,0.005846339666834283,52
0.025246715545654295,0.0012773460054419823,0.0038168907165527345,0.00041734991874076133,3,15,"{'max_depth': 3, 'max_features': 15}",0.5,0.5,0.5,0.5234375,0.515625,0.5078125,0.009882117688026186,51
0.02462320327758789,0.0003412412220419974,0.0038913726806640626,0.0004952055384110501,3,25,"{'max_depth': 3, 'max_features': 25}",0.4921875,0.5234375,0.53125,0.546875,0.546875,0.528125,0.020131404260508006,43
0.02503366470336914,0.0006921588468859544,0.003431272506713867,0.00047962471606082435,3,50,"{'max_depth': 3, 'max_features': 50}",0.5078125,0.515625,0.5546875,0.4921875,0.546875,0.5234375,0.023696485762661094,46
0.025432348251342773,0.0005615103259447637,0.003988885879516601,2.5925211370598197e-06,3,100,"{'max_depth': 3, 'max_features': 100}",0.5390625,0.53125,0.5,0.5703125,0.59375,0.546875,0.03240068961457456,35
0.028308677673339843,0.00048245085283865353,0.0038004398345947267,0.0004008598835588986,3,250,"{'max_depth': 3, 'max_features': 250}",0.515625,0.5234375,0.5546875,0.5546875,0.4921875,0.528125,0.0240035804620894,43
0.030997705459594727,0.0006893930401136934,0.0042172431945800785,0.0004803210446513539,3,500,"{'max_depth': 3, 'max_features': 500}",0.59375,0.515625,0.5546875,0.5234375,0.6328125,0.5640625,0.04402813376126678,31
0.038498449325561526,0.0020535661589482983,0.003874969482421875,0.00022101334897857292,3,1000,"{'max_depth': 3, 'max_features': 1000}",0.6015625,0.578125,0.5078125,0.6015625,0.5546875,0.56875,0.0350780380010057,27
0.05003671646118164,0.0008473312632974668,0.004280185699462891,0.0004008777844596127,3,2000,"{'max_depth': 3, 'max_features': 2000}",0.5546875,0.578125,0.5546875,0.5859375,0.578125,0.5703125,0.01307281291459493,26
0.060949850082397464,0.0011868326037511002,0.004274129867553711,0.0003892563988206069,3,3000,"{'max_depth': 3, 'max_features': 3000}",0.5703125,0.5234375,0.5,0.53125,0.609375,0.546875,0.038590903235088965,35
0.0698369026184082,0.0014816590793611357,0.0039844512939453125,8.302993339416091e-06,3,4000,"{'max_depth': 3, 'max_features': 4000}",0.578125,0.5859375,0.578125,0.59375,0.6484375,0.596875,0.02642427269576213,12
0.082035493850708,0.003667115458012272,0.004376983642578125,0.0004931514254894869,3,5000,"{'max_depth': 3, 'max_features': 5000}",0.578125,0.5625,0.5859375,0.59375,0.4921875,0.5625,0.036643873123620545,32
0.12396950721740722,0.0037912796232995013,0.004306268692016601,0.0004116462415018602,3,8829,"{'max_depth': 3, 'max_features': 8829}",0.5859375,0.578125,0.5859375,0.53125,0.578125,0.571875,0.020610790559801435,24
0.024163532257080077,0.0002067732958186805,0.0036847591400146484,0.00039463997912762394,5,10,"{'max_depth': 5, 'max_features': 10}",0.5078125,0.53125,0.515625,0.5,0.4921875,0.509375,0.013441133229754104,50
0.024528360366821288,0.0005822157020110381,0.0036927223205566405,0.0006423298050586068,5,15,"{'max_depth': 5, 'max_features': 15}",0.53125,0.5546875,0.4765625,0.5703125,0.5546875,0.5375,0.03292391797766481,40
0.024593448638916014,0.0005086268121994958,0.0038274288177490234,0.0004325425739032302,5,25,"{'max_depth': 5, 'max_features': 25}",0.5078125,0.5078125,0.53125,0.5703125,0.5859375,0.540625,0.032173844190584375,38
0.02640872001647949,0.0008957418368608314,0.004106855392456055,0.0005434112826122857,5,50,"{'max_depth': 5, 'max_features': 50}",0.53125,0.546875,0.5078125,0.5703125,0.53125,0.5375,0.020610790559801438,40
0.028413963317871094,0.0006438910565817278,0.003997182846069336,3.2044592337705076e-05,5,100,"{'max_depth': 5, 'max_features': 100}",0.6015625,0.6328125,0.5078125,0.5546875,0.53125,0.565625,0.04571480886977435,29
0.030425596237182616,0.0005136845978632214,0.0036681652069091796,0.0005684414062582173,5,250,"{'max_depth': 5, 'max_features': 250}",0.625,0.5234375,0.59375,0.5234375,0.578125,0.56875,0.039958474539201316,27
0.03511500358581543,0.0006022300212360943,0.0040433406829833984,9.561887019821397e-05,5,500,"{'max_depth': 5, 'max_features': 500}",0.6171875,0.5234375,0.5546875,0.546875,0.5625,0.5609375,0.031014739439498763,33
0.04324502944946289,0.0007919544655707119,0.003973627090454101,0.00030260698442727637,5,1000,"{'max_depth': 5, 'max_features': 1000}",0.59375,0.5234375,0.5546875,0.546875,0.4765625,0.5390625,0.038590903235088965,39
0.06078033447265625,0.0021209041538398283,0.003936481475830078,0.0003139706522870923,5,2000,"{'max_depth': 5, 'max_features': 2000}",0.59375,0.6015625,0.6171875,0.53125,0.5546875,0.5796875,0.031792171795899694,22
0.08001985549926757,0.0042409806072360124,0.004108619689941406,0.00024786123911696244,5,3000,"{'max_depth': 5, 'max_features': 3000}",0.5859375,0.609375,0.6015625,0.578125,0.5859375,0.5921875,0.011481983169296146,16
0.09256525039672851,0.004582441285652329,0.004456043243408203,0.0004206527307107472,5,4000,"{'max_depth': 5, 'max_features': 4000}",0.640625,0.5859375,0.5625,0.578125,0.578125,0.5890625,0.026882266459508208,18
0.11219553947448731,0.0046319557442059825,0.004177761077880859,0.0003788179196673421,5,5000,"{'max_depth': 5, 'max_features': 5000}",0.6171875,0.609375,0.578125,0.59375,0.5390625,0.5875,0.02768757054167086,19
0.16455001831054689,0.010903597432639644,0.004185628890991211,0.00039388669846933215,5,8829,"{'max_depth': 5, 'max_features': 8829}",0.6171875,0.6640625,0.5546875,0.5390625,0.609375,0.596875,0.045177600921253,12
0.024144411087036133,0.00023174035694985214,0.003991460800170899,3.3245707674075425e-05,7,10,"{'max_depth': 7, 'max_features': 10}",0.515625,0.5390625,0.5703125,0.5234375,0.5078125,0.53125,0.02209708691207961,42
0.024563980102539063,0.0005589541508342353,0.0038048744201660155,0.00036873273267076356,7,15,"{'max_depth': 7, 'max_features': 15}",0.5,0.5390625,0.546875,0.53125,0.5,0.5234375,0.01976423537605237,46
0.02551116943359375,0.000596835064846128,0.003576993942260742,0.00048127599810873594,7,25,"{'max_depth': 7, 'max_features': 25}",0.5234375,0.546875,0.5546875,0.53125,0.5703125,0.5453125,0.016682934768798924,37
0.025827360153198243,0.0007290005152697962,0.003591108322143555,0.00048363149474598685,7,50,"{'max_depth': 7, 'max_features': 50}",0.5625,0.5546875,0.5703125,0.59375,0.5,0.55625,0.031014739439498763,34
0.027549934387207032,0.0004941526853550063,0.0037821292877197265,0.0003999993799013023,7,100,"{'max_depth': 7, 'max_features': 100}",0.6328125,0.59375,0.609375,0.5078125,0.515625,0.571875,0.05072713462733727,24
0.031682729721069336,0.0004854695945173245,0.00379033088684082,0.0004007612894944691,7,250,"{'max_depth': 7, 'max_features': 250}",0.5546875,0.5546875,0.578125,0.5546875,0.5859375,0.565625,0.013621559198564604,29
0.037560319900512694,0.0006475344777854897,0.003972530364990234,1.9059772329585992e-05,7,500,"{'max_depth': 7, 'max_features': 500}",0.5625,0.6171875,0.5859375,0.5859375,0.6171875,0.59375,0.02096313728906053,14
0.049970817565917966,0.0020149364666439164,0.004096841812133789,0.00022709845114909628,7,1000,"{'max_depth': 7, 'max_features': 1000}",0.5859375,0.609375,0.546875,0.6171875,0.578125,0.5875,0.024902152266420667,19
0.07254395484924317,0.0025468279128766664,0.004057121276855469,0.00014283652099458238,7,2000,"{'max_depth': 7, 'max_features': 2000}",0.640625,0.6171875,0.546875,0.6171875,0.5859375,0.6015625,0.03240068961457456,10
0.08715944290161133,0.004020735455511532,0.003983926773071289,1.6386417188572078e-05,7,3000,"{'max_depth': 7, 'max_features': 3000}",0.59375,0.6171875,0.609375,0.6015625,0.5390625,0.5921875,0.02768757054167086,16
0.10876045227050782,0.005600700560895001,0.004689741134643555,0.0003969526402875564,7,4000,"{'max_depth': 7, 'max_features': 4000}",0.6640625,0.6953125,0.609375,0.6171875,0.53125,0.6234375,0.055770525929921086,2
0.1304044246673584,0.008407876084631208,0.004191398620605469,0.00039898900082798296,7,5000,"{'max_depth': 7, 'max_features': 5000}",0.6015625,0.6171875,0.609375,0.609375,0.6171875,0.6109375,0.005846339666834283,6
0.19504384994506835,0.012472789023582577,0.0043393135070800785,0.0006507356114127137,7,8829,"{'max_depth': 7, 'max_features': 8829}",0.6015625,0.6796875,0.5703125,0.5859375,0.609375,0.609375,0.037629983058725926,7
0.024931859970092774,0.0005540395831521591,0.003870582580566406,0.0006506026647125215,10,10,"{'max_depth': 10, 'max_features': 10}",0.546875,0.5,0.4921875,0.5234375,0.5390625,0.5203125,0.0213096589015404,48
0.02491917610168457,0.00029037831019132054,0.003551006317138672,0.0004698086105300827,10,15,"{'max_depth': 10, 'max_features': 15}",0.5625,0.5,0.4765625,0.5234375,0.5,0.5125,0.029064180058966056,49
0.025324296951293946,0.000303199725795265,0.0038994312286376952,0.00017936612382087527,10,25,"{'max_depth': 10, 'max_features': 25}",0.5390625,0.5234375,0.5234375,0.515625,0.5390625,0.528125,0.009375,43
0.02687668800354004,0.00011121760345281348,0.003912162780761719,0.00013778295292269047,10,50,"{'max_depth': 10, 'max_features': 50}",0.53125,0.6015625,0.5546875,0.5625,0.65625,0.58125,0.04380576802773808,21
0.029645586013793947,0.0004988062802808321,0.0037078857421875,0.0006362268109961623,10,100,"{'max_depth': 10, 'max_features': 100}",0.546875,0.5546875,0.546875,0.6171875,0.625,0.578125,0.03528621809573817,23
0.03380751609802246,0.0007863484261040057,0.004278659820556641,0.00038963869493178913,10,250,"{'max_depth': 10, 'max_features': 250}",0.640625,0.578125,0.5859375,0.6328125,0.53125,0.59375,0.03983608994994363,14
0.040997791290283206,0.0008926418652860295,0.004076242446899414,0.00012742503952775316,10,500,"{'max_depth': 10, 'max_features': 500}",0.671875,0.578125,0.609375,0.6328125,0.6171875,0.621875,0.030698254225607034,3
0.05442767143249512,0.00148256595071044,0.00425262451171875,0.0002467670947154544,10,1000,"{'max_depth': 10, 'max_features': 1000}",0.6484375,0.6640625,0.5703125,0.578125,0.625,0.6171875,0.03730417620722913,4
0.07914500236511231,0.001486110326177816,0.004170560836791992,0.00038945099753694726,10,2000,"{'max_depth': 10, 'max_features': 2000}",0.6484375,0.609375,0.578125,0.6171875,0.59375,0.609375,0.023696485762661094,7
0.10700688362121583,0.010881540691717385,0.004200124740600586,0.0004196798374618891,10,3000,"{'max_depth': 10, 'max_features': 3000}",0.59375,0.625,0.609375,0.59375,0.625,0.609375,0.013975424859373685,7
0.1331408977508545,0.01680818749152544,0.004179620742797851,0.00039874349742673664,10,4000,"{'max_depth': 10, 'max_features': 4000}",0.6328125,0.59375,0.6328125,0.59375,0.6171875,0.6140625,0.01753901900050285,5
0.1517009735107422,0.0061571713130802765,0.004186820983886719,0.00039419399657121264,10,5000,"{'max_depth': 10, 'max_features': 5000}",0.578125,0.6015625,0.640625,0.5703125,0.6171875,0.6015625,0.025674494883054663,10
0.22858648300170897,0.020424142729588222,0.004183340072631836,0.00040316338935991774,10,8829,"{'max_depth': 10, 'max_features': 8829}",0.6328125,0.6875,0.6328125,0.6796875,0.6328125,0.653125,0.024999999999999998,1
