mean_fit_time,std_fit_time,mean_score_time,std_score_time,param_alpha,params,split0_test_score,split1_test_score,split2_test_score,split3_test_score,split4_test_score,mean_test_score,std_test_score,rank_test_score,features_count
0.0009857654571533204,2.654600040221109e-05,0.0006092071533203125,0.0004977159331559379,0.1,{'alpha': 0.1},0.59375,0.6015625,0.5546875,0.625,0.5703125,0.5890625,0.024506854908372067,1,10
0.001077890396118164,0.00016260210020329493,0.00019927024841308593,0.00039854049682617185,0.15,{'alpha': 0.15},0.59375,0.6015625,0.5546875,0.625,0.5703125,0.5890625,0.024506854908372067,1,10
0.0007982730865478515,0.00039924608528919445,0.0005998611450195312,0.0004897999475151723,0.25,{'alpha': 0.25},0.59375,0.6015625,0.546875,0.625,0.5703125,0.5875,0.026791294061691014,3,10
0.0007974624633789063,0.00039875868794238647,0.0004008769989013672,0.0004909741382391449,0.5,{'alpha': 0.5},0.59375,0.609375,0.546875,0.609375,0.5703125,0.5859375,0.024206145913796356,6,10
0.0008031845092773438,0.0004017795883585275,0.0005904674530029297,0.00048235119324499726,0.75,{'alpha': 0.75},0.59375,0.609375,0.546875,0.609375,0.578125,0.5875,0.023385358667337132,3,10
0.0010605335235595703,0.00040984117409166847,0.0004981517791748047,0.00044505142426319767,0.85,{'alpha': 0.85},0.59375,0.609375,0.546875,0.609375,0.578125,0.5875,0.023385358667337132,3,10
0.0009995460510253905,1.088045853152675e-05,0.0003966808319091797,0.0004859626751927057,1.0,{'alpha': 1.0},0.5625,0.609375,0.546875,0.609375,0.578125,0.58125,0.024999999999999998,7,10
0.001242351531982422,0.00040048455194798395,0.0003996372222900391,0.0004897072205894794,0.1,{'alpha': 0.1},0.5234375,0.5859375,0.5859375,0.5625,0.5546875,0.5625,0.023175620272173948,7,15
0.0005954742431640625,0.0004863998602503226,0.0005984306335449219,0.0004886167135700321,0.15,{'alpha': 0.15},0.5234375,0.59375,0.5859375,0.5625,0.5546875,0.5640625,0.024902152266420667,5,15
0.0009988784790039063,1.1051517701252011e-05,0.0005970478057861328,0.000487491837530479,0.25,{'alpha': 0.25},0.5234375,0.59375,0.5859375,0.5625,0.5546875,0.5640625,0.024902152266420667,5,15
0.0009892940521240234,1.612358414108891e-05,0.0004047870635986328,0.0004957866146800778,0.5,{'alpha': 0.5},0.5234375,0.6015625,0.5859375,0.5625,0.5625,0.5671875,0.02642427269576213,1,15
0.0007955551147460938,0.00039777975806590325,0.0005989551544189453,0.0004890650831779067,0.75,{'alpha': 0.75},0.5234375,0.6015625,0.5859375,0.5625,0.5625,0.5671875,0.02642427269576213,1,15
0.0007934093475341797,0.0003967752050931265,0.00040254592895507815,0.0004930493587220191,0.85,{'alpha': 0.85},0.5234375,0.6015625,0.5859375,0.5625,0.5625,0.5671875,0.02642427269576213,1,15
0.0005860328674316406,0.00038153358759395747,0.0008492469787597656,0.00043459209088037693,1.0,{'alpha': 1.0},0.5234375,0.6015625,0.5859375,0.5625,0.5625,0.5671875,0.02642427269576213,1,15
0.0009950637817382813,6.5216960775867954e-06,0.0005980491638183594,0.0004883322046559801,0.1,{'alpha': 0.1},0.5625,0.5625,0.578125,0.5625,0.5625,0.565625,0.00625,2,25
0.0009963512420654297,8.529922399520072e-07,0.00039825439453125,0.0004877604001382846,0.15,{'alpha': 0.15},0.5625,0.5625,0.578125,0.5625,0.5625,0.565625,0.00625,2,25
0.0008276462554931641,0.00041705955190097404,0.0008031368255615234,0.00040168012189066934,0.25,{'alpha': 0.25},0.5625,0.5625,0.578125,0.5703125,0.5625,0.5671875,0.00625,1,25
0.0009957313537597655,2.271697462705996e-05,0.0005974769592285156,0.0004878573841035497,0.5,{'alpha': 0.5},0.5625,0.5546875,0.5546875,0.5703125,0.5390625,0.55625,0.010364452469860626,4,25
0.000635528564453125,0.0004474810877912865,0.0006037712097167969,0.0004930167076517301,0.75,{'alpha': 0.75},0.5546875,0.5625,0.5546875,0.546875,0.546875,0.553125,0.005846339666834283,5,25
0.0009988784790039063,5.872264607263588e-06,0.0005949497222900391,0.00048579592115356035,0.85,{'alpha': 0.85},0.5625,0.5390625,0.5546875,0.5390625,0.546875,0.5484375,0.009110862335695781,6,25
0.000807952880859375,0.00040455291090230944,0.0006127357482910156,0.0005910395325648647,1.0,{'alpha': 1.0},0.5546875,0.53125,0.5546875,0.546875,0.5546875,0.5484375,0.009110862335695781,6,25
0.0010059356689453125,2.7930774700905574e-05,0.0005877017974853516,0.0004818876780806923,0.1,{'alpha': 0.1},0.625,0.625,0.6328125,0.65625,0.5625,0.6203125,0.031093357409581874,7,50
0.000999307632446289,4.843125887143945e-06,0.0005954265594482422,0.0004861942501757718,0.15,{'alpha': 0.15},0.6328125,0.625,0.6328125,0.65625,0.5703125,0.6234375,0.028555729503901665,6,50
0.0010012149810791015,1.0387610476829608e-05,0.0003981590270996094,0.00048764380927635064,0.25,{'alpha': 0.25},0.6328125,0.6328125,0.6328125,0.671875,0.5625,0.6265625,0.03542432515235823,5,50
0.0009996891021728516,1.6359754074075453e-05,0.0005952835083007813,0.00048666093341425364,0.5,{'alpha': 0.5},0.6328125,0.6328125,0.6328125,0.6796875,0.5703125,0.6296875,0.03479852726768763,4,50
0.0010135650634765625,1.3597302322516394e-05,0.00038776397705078127,0.00047509309822633836,0.75,{'alpha': 0.75},0.6328125,0.625,0.6328125,0.6796875,0.609375,0.6359375,0.023489525591207667,1,50
0.0008193492889404297,0.00040978960914357735,0.0006542205810546875,0.0003604527170206236,0.85,{'alpha': 0.85},0.6328125,0.625,0.625,0.6796875,0.6171875,0.6359375,0.02242609389751144,1,50
0.0009973526000976562,1.3934745022013149e-06,0.00059814453125,0.0004883829957038617,1.0,{'alpha': 1.0},0.640625,0.625,0.625,0.671875,0.609375,0.634375,0.021194781197266466,3,50
0.0011957645416259765,0.00039834976196289067,0.0003986835479736328,0.0004882856365096232,0.1,{'alpha': 0.1},0.625,0.6796875,0.65625,0.59375,0.609375,0.6328125,0.03125,3,100
0.0010057926177978516,1.907801574332373e-05,0.0004761219024658203,0.0006022141826847462,0.15,{'alpha': 0.15},0.6171875,0.6875,0.65625,0.609375,0.609375,0.6359375,0.03109335740958187,2,100
0.0010012149810791015,2.1087095630202636e-05,0.0004015922546386719,0.0004918481467161668,0.25,{'alpha': 0.25},0.6171875,0.6875,0.6328125,0.6015625,0.625,0.6328125,0.029231698334171417,3,100
0.0009962081909179687,3.9855143917020535e-06,0.0006026268005371094,0.0004921079974214643,0.5,{'alpha': 0.5},0.625,0.6875,0.6484375,0.5859375,0.640625,0.6375,0.03299798762803574,1,100
0.0009898662567138672,1.154930703384483e-05,0.0003997802734375,0.0004896321830982617,0.75,{'alpha': 0.75},0.6328125,0.6796875,0.6171875,0.6015625,0.625,0.63125,0.02633171804117612,6,100
0.0007932186126708984,0.00039703516044498863,0.000601959228515625,0.0004917981666212509,0.85,{'alpha': 0.85},0.6328125,0.6796875,0.6171875,0.6015625,0.625,0.63125,0.02633171804117612,6,100
0.0009916305541992187,2.3090639369533548e-05,0.00039458274841308594,0.000483367218935521,1.0,{'alpha': 1.0},0.640625,0.6796875,0.6171875,0.6015625,0.625,0.6328125,0.02660841619676,3,100
0.0013967990875244141,0.0007928218815420396,0.0005952358245849609,0.00048605860981184565,0.1,{'alpha': 0.1},0.703125,0.703125,0.8046875,0.703125,0.6953125,0.721875,0.04151665704870757,3,250
0.0015962600708007812,0.0004901344736995136,0.00019741058349609375,0.0003948211669921875,0.15,{'alpha': 0.15},0.703125,0.7109375,0.8046875,0.703125,0.6875,0.721875,0.04210060495408587,3,250
0.0013948440551757812,0.0004875664862557986,0.0005976200103759765,0.0004886845696215081,0.25,{'alpha': 0.25},0.71875,0.7109375,0.8046875,0.703125,0.6875,0.725,0.04116231210099841,1,250
0.0010003089904785157,6.398507951101442e-06,0.0009930133819580078,7.192184032916239e-06,0.5,{'alpha': 0.5},0.71875,0.7265625,0.8046875,0.6953125,0.671875,0.7234375,0.04490658707249973,2,250
0.001397418975830078,0.0004756190333496914,0.0,0.0,0.75,{'alpha': 0.75},0.734375,0.71875,0.7890625,0.671875,0.671875,0.7171875,0.04375,6,250
0.001251554489135742,0.0004888241327833811,0.0007913112640380859,0.00039646737279590494,0.85,{'alpha': 0.85},0.734375,0.71875,0.7890625,0.671875,0.6796875,0.71875,0.042216425269082175,5,250
0.0009890556335449218,2.7996311168453815e-05,0.0004005908966064453,0.0004906295766971001,1.0,{'alpha': 1.0},0.734375,0.7109375,0.7890625,0.65625,0.6796875,0.7140625,0.045981059279881754,7,250
0.0025914669036865234,0.00048081592000122835,0.0005926609039306641,0.00048395218727175404,0.1,{'alpha': 0.1},0.7421875,0.75,0.78125,0.7421875,0.703125,0.74375,0.024902152266420667,7,500
0.002199125289916992,0.0003930998044881649,0.0006054878234863281,0.0004944421639574747,0.15,{'alpha': 0.15},0.75,0.7578125,0.7890625,0.7421875,0.703125,0.7484375,0.02768757054167086,5,500
0.0023012161254882812,0.00043161251935714475,0.0007166862487792969,0.0003888175041065399,0.25,{'alpha': 0.25},0.7578125,0.7578125,0.7734375,0.75,0.703125,0.7484375,0.02390165396996618,5,500
0.002087688446044922,0.00017593821797621555,0.0009963035583496094,1.4487847830118359e-05,0.5,{'alpha': 0.5},0.7734375,0.7578125,0.78125,0.7421875,0.7109375,0.753125,0.024999999999999998,4,500
0.0025928497314453127,0.0004865209366566941,0.00019774436950683593,0.00039548873901367186,0.75,{'alpha': 0.75},0.796875,0.765625,0.78125,0.7421875,0.7109375,0.759375,0.03021731188408393,3,500
0.0021926403045654298,0.000398564463476942,0.0005980491638183594,0.0004883051052450183,0.85,{'alpha': 0.85},0.8125,0.7734375,0.7890625,0.7265625,0.7109375,0.7625,0.03814548629916782,1,500
0.0019921779632568358,2.484133964086744e-06,0.0009964942932128907,3.2340669551493016e-07,1.0,{'alpha': 1.0},0.8125,0.7734375,0.7890625,0.71875,0.7109375,0.7609375,0.03971332820980886,2,500
0.004245948791503906,0.0003666396351281948,0.0011376380920410157,0.0002790756674930521,0.1,{'alpha': 0.1},0.8125,0.78125,0.796875,0.7421875,0.7890625,0.784375,0.023489525591207667,7,1000
0.0044861316680908205,0.0004833461071327172,0.0007983207702636719,0.0003992204338433377,0.15,{'alpha': 0.15},0.8046875,0.7890625,0.796875,0.75,0.796875,0.7875,0.019390115071860715,5,1000
0.004023170471191407,7.920214958881335e-05,0.0005972862243652343,0.00048780982908521586,0.25,{'alpha': 0.25},0.8125,0.796875,0.7734375,0.7578125,0.796875,0.7875,0.019390115071860715,5,1000
0.004343700408935547,0.0003495647122848564,0.0006043434143066407,0.000493648057967303,0.5,{'alpha': 0.5},0.8046875,0.8046875,0.7734375,0.765625,0.828125,0.7953125,0.022857404434887176,1,1000
0.004385519027709961,0.0004836460688128407,0.0007971763610839844,0.00039861968226647873,0.75,{'alpha': 0.75},0.8046875,0.8203125,0.765625,0.7421875,0.828125,0.7921875,0.03299798762803574,2,1000
0.005059242248535156,0.001098346890307663,0.0012248992919921876,0.0003845880607840851,0.85,{'alpha': 0.85},0.8046875,0.8203125,0.7578125,0.7421875,0.828125,0.790625,0.034375,3,1000
0.004787731170654297,0.0011600750656427007,0.0007894039154052734,0.0003949772312102694,1.0,{'alpha': 1.0},0.8046875,0.8203125,0.75,0.765625,0.8125,0.790625,0.02768757054167086,3,1000
0.012468433380126953,0.00040210534494212986,0.0009975910186767578,9.81867803667736e-07,0.1,{'alpha': 0.1},0.828125,0.7734375,0.8125,0.78125,0.8203125,0.803125,0.021763106683100185,7,2000
0.013018608093261719,0.0005970833913786578,0.0010029792785644532,5.351209273175611e-06,0.15,{'alpha': 0.15},0.859375,0.7734375,0.828125,0.78125,0.8359375,0.815625,0.03299798762803574,6,2000
0.012496852874755859,0.00039506022154550235,0.0014184951782226563,0.0004719188384605994,0.25,{'alpha': 0.25},0.8671875,0.78125,0.828125,0.78125,0.8359375,0.81875,0.033292618363535184,3,2000
0.012751531600952149,0.00039652355452060275,0.0010000228881835937,5.6108964615175275e-06,0.5,{'alpha': 0.5},0.8515625,0.78125,0.8359375,0.7734375,0.84375,0.8171875,0.03299798762803574,4,2000
0.013309097290039063,0.0004950863975840889,0.0010007381439208984,6.5668631236354694e-06,0.75,{'alpha': 0.75},0.84375,0.796875,0.8359375,0.78125,0.859375,0.8234375,0.029481191037676886,1,2000
0.01335906982421875,0.0004984839094348686,0.0012102603912353515,0.00041666412875641527,0.85,{'alpha': 0.85},0.84375,0.796875,0.8359375,0.7734375,0.8671875,0.8234375,0.03372973928894203,1,2000
0.013292264938354493,0.0021013904400034285,0.0012331485748291015,0.000399271911623031,1.0,{'alpha': 1.0},0.84375,0.7890625,0.8203125,0.765625,0.8671875,0.8171875,0.03651037951733725,4,2000
0.023622989654541016,0.0010791958662103248,0.0012060642242431641,0.0003935685651356581,0.1,{'alpha': 0.1},0.8515625,0.828125,0.7890625,0.75,0.828125,0.809375,0.03583545294118661,7,3000
0.025498008728027342,0.00362822115085311,0.0013947010040283204,0.0004926631443937389,0.15,{'alpha': 0.15},0.8671875,0.8359375,0.8046875,0.7578125,0.8671875,0.8265625,0.0414578098794425,6,3000
0.02491593360900879,0.002602850939619551,0.001589059829711914,0.00048129874552143307,0.25,{'alpha': 0.25},0.8671875,0.8359375,0.8203125,0.765625,0.8828125,0.834375,0.040864677595693816,2,3000
0.029067373275756835,0.008739668474157442,0.0017774105072021484,0.0008510768411665232,0.5,{'alpha': 0.5},0.8515625,0.8125,0.8203125,0.78125,0.890625,0.83125,0.037173053916782245,5,3000
0.023555231094360352,0.0007362254295098865,0.0018015384674072265,0.0003935479918761823,0.75,{'alpha': 0.75},0.8671875,0.8046875,0.8203125,0.7890625,0.8828125,0.8328125,0.03617449032121945,3,3000
0.02369999885559082,0.00047847549794962914,0.0018024444580078125,0.00041839136225258015,0.85,{'alpha': 0.85},0.8671875,0.8046875,0.828125,0.796875,0.8671875,0.8328125,0.029892385108920297,3,3000
0.023842048645019532,0.000495046780179715,0.00161285400390625,0.0004886556471492247,1.0,{'alpha': 1.0},0.875,0.8046875,0.828125,0.8125,0.8671875,0.8375,0.028555729503901665,1,3000
0.01565208435058594,0.0031733020546502425,0.0026998043060302733,0.0010670162767645285,0.1,{'alpha': 0.1},0.8203125,0.8046875,0.7890625,0.765625,0.8359375,0.803125,0.024407030237208294,7,3251
0.014553403854370118,0.00393510982317697,0.002208900451660156,0.0007670821934073197,0.15,{'alpha': 0.15},0.828125,0.8203125,0.7890625,0.765625,0.84375,0.809375,0.028211672008230916,6,3251
0.014675188064575195,0.003848813763199602,0.002487325668334961,0.0004598298876608816,0.25,{'alpha': 0.25},0.8515625,0.8203125,0.8125,0.7578125,0.8671875,0.821875,0.03775951866748304,5,3251
0.010813760757446288,0.00045740320497098517,0.0015623092651367188,0.000492642098652486,0.5,{'alpha': 0.5},0.84375,0.796875,0.8203125,0.8046875,0.8671875,0.8265625,0.0258639771206982,4,3251
0.010778999328613282,0.0004067651154062798,0.0015979290008544921,0.0004917792337909408,0.75,{'alpha': 0.75},0.84375,0.8046875,0.828125,0.796875,0.8828125,0.83125,0.03069825422560703,1,3251
0.01078948974609375,0.00041545600341216804,0.0019092559814453125,0.000161131735548842,0.85,{'alpha': 0.85},0.84375,0.8046875,0.8125,0.796875,0.8828125,0.828125,0.03163821364268216,2,3251
0.010865020751953124,0.0004955546632793967,0.0013927459716796876,0.0004973155442077474,1.0,{'alpha': 1.0},0.84375,0.8046875,0.8125,0.8046875,0.875,0.828125,0.027510651346342202,2,3251
0.0013952255249023438,0.0004882272535881495,0.00039873123168945315,0.0004883440543553797,0.1,{'alpha': 0.1},0.515625,0.5078125,0.515625,0.515625,0.515625,0.5140625,0.003125,1,10
0.0010741233825683593,0.00010015650943841153,0.00039882659912109374,0.0004884608551226126,0.15,{'alpha': 0.15},0.515625,0.5078125,0.515625,0.515625,0.5078125,0.5125,0.0038273277230987156,2,10
0.0007978439331054688,0.00039892353396799723,0.0005956649780273438,0.00048636713677732306,0.25,{'alpha': 0.25},0.515625,0.5078125,0.515625,0.515625,0.5,0.5109375,0.00625,3,10
0.0007989406585693359,0.00039948243501625977,0.0005428314208984375,0.00045453115905325845,0.5,{'alpha': 0.5},0.515625,0.5078125,0.515625,0.5078125,0.5,0.509375,0.005846339666834283,4,10
0.0011959552764892578,0.00039813545294316966,0.0007968902587890625,0.00039844535765543195,0.75,{'alpha': 0.75},0.515625,0.5078125,0.515625,0.5078125,0.5,0.509375,0.005846339666834283,4,10
0.0017048835754394532,0.00037080334631021917,0.0010101795196533203,0.0006090129575323395,0.85,{'alpha': 0.85},0.515625,0.5078125,0.515625,0.5078125,0.5,0.509375,0.005846339666834283,4,10
0.0014843463897705079,0.0004464788387094236,0.0007966041564941406,0.0003983034911165464,1.0,{'alpha': 1.0},0.515625,0.5078125,0.515625,0.5078125,0.5,0.509375,0.005846339666834283,4,10
0.0012281417846679687,0.00039525004143094704,0.0005977153778076172,0.00048804556850975907,0.1,{'alpha': 0.1},0.546875,0.4921875,0.546875,0.515625,0.5078125,0.521875,0.021763106683100185,1,15
0.000847625732421875,0.0002988876547243845,0.0006201267242431641,0.0005078656897032299,0.15,{'alpha': 0.15},0.546875,0.4921875,0.546875,0.515625,0.5078125,0.521875,0.021763106683100185,1,15
0.0009947776794433593,4.330038484476659e-06,0.0005993843078613281,0.0004894109413033137,0.25,{'alpha': 0.25},0.546875,0.4921875,0.546875,0.515625,0.5078125,0.521875,0.021763106683100185,1,15
0.0009923934936523437,1.522044490026791e-05,0.0004014492034912109,0.0004916916339560592,0.5,{'alpha': 0.5},0.546875,0.4921875,0.546875,0.515625,0.5078125,0.521875,0.021763106683100185,1,15
0.0005906105041503906,0.0004822673216419256,0.0008018970489501953,0.0004010255384579905,0.75,{'alpha': 0.75},0.546875,0.4921875,0.546875,0.515625,0.5078125,0.521875,0.021763106683100185,1,15
0.0009992599487304687,5.483419994913121e-06,0.0005951404571533203,0.0004859533174425641,0.85,{'alpha': 0.85},0.546875,0.4921875,0.546875,0.515625,0.5078125,0.521875,0.021763106683100185,1,15
0.0009965896606445312,4.264961199760036e-07,0.00039882659912109374,0.0004884612042400369,1.0,{'alpha': 1.0},0.546875,0.4921875,0.546875,0.515625,0.5078125,0.521875,0.021763106683100185,1,15
0.0010065078735351563,3.003112699681053e-05,0.0005872249603271484,0.0004796720160141697,0.1,{'alpha': 0.1},0.59375,0.5390625,0.578125,0.5625,0.546875,0.5640625,0.020009763241977653,1,25
0.0008303642272949219,0.00041802112166320385,0.0006030559539794922,0.0004936780466406279,0.15,{'alpha': 0.15},0.59375,0.5390625,0.578125,0.5625,0.546875,0.5640625,0.020009763241977653,1,25
0.0010002613067626952,7.398816533724333e-06,0.0003945350646972656,0.0004832503444976311,0.25,{'alpha': 0.25},0.59375,0.5390625,0.5703125,0.5625,0.546875,0.5625,0.019136638615493577,4,25
0.0010424613952636718,8.780171322753818e-05,0.0005972385406494141,0.0004876894782836402,0.5,{'alpha': 0.5},0.59375,0.5390625,0.5703125,0.5625,0.546875,0.5625,0.019136638615493577,4,25
0.00080108642578125,0.000401107838577669,0.0005989551544189453,0.0004890576909741158,0.75,{'alpha': 0.75},0.59375,0.5390625,0.5703125,0.5625,0.546875,0.5625,0.019136638615493577,4,25
0.0010005474090576173,9.870183634583868e-06,0.0005940437316894531,0.0004851683607745006,0.85,{'alpha': 0.85},0.59375,0.5390625,0.5703125,0.5625,0.546875,0.5625,0.019136638615493577,4,25
0.0007953643798828125,0.0003980647049612771,0.00038843154907226564,0.00047588246618708656,1.0,{'alpha': 1.0},0.59375,0.5390625,0.5703125,0.5703125,0.546875,0.5640625,0.019390115071860715,1,25
0.0007982730865478515,0.00039918089982417465,0.0005972385406494141,0.00048766637622183135,0.1,{'alpha': 0.1},0.5234375,0.5625,0.5078125,0.5390625,0.4921875,0.525,0.024407030237208294,7,50
0.0010090351104736328,1.5985356780820437e-05,0.0007829666137695312,0.0003917218560644061,0.15,{'alpha': 0.15},0.5234375,0.5703125,0.5078125,0.5390625,0.4921875,0.5265625,0.026882266459508208,6,50
0.0009976863861083985,7.120058614704167e-06,0.0005986213684082032,0.0004887750064433505,0.25,{'alpha': 0.25},0.53125,0.5703125,0.5078125,0.5390625,0.4921875,0.528125,0.026882266459508208,5,50
0.0009024143218994141,0.00018173270671857175,0.00040411949157714844,0.000495030144150085,0.5,{'alpha': 0.5},0.53125,0.5703125,0.515625,0.5390625,0.4921875,0.5296875,0.0258639771206982,1,50
0.000985431671142578,1.3460328359300342e-05,0.0006085872650146484,0.0004970561058255798,0.75,{'alpha': 0.75},0.53125,0.5703125,0.515625,0.5390625,0.4921875,0.5296875,0.0258639771206982,1,50
0.0010003089904785157,1.661597903055065e-05,0.00026383399963378904,0.00039044711180825784,0.85,{'alpha': 0.85},0.53125,0.5703125,0.515625,0.5390625,0.4921875,0.5296875,0.0258639771206982,1,50
0.0010033130645751953,1.3639043178578396e-05,0.0004014492034912109,0.0004917207200339946,1.0,{'alpha': 1.0},0.53125,0.5703125,0.515625,0.5390625,0.4921875,0.5296875,0.0258639771206982,1,50
0.0011922359466552735,0.0003889133264565544,0.00047702789306640624,0.00045198607707049563,0.1,{'alpha': 0.1},0.5546875,0.4921875,0.53125,0.5234375,0.578125,0.5359375,0.029064180058966053,6,100
0.000997304916381836,1.7649417422601459e-06,0.0007966995239257812,0.0003984070935955937,0.15,{'alpha': 0.15},0.5546875,0.4921875,0.53125,0.5234375,0.578125,0.5359375,0.029064180058966053,6,100
0.0009952068328857421,7.013559791246441e-06,0.00020127296447753907,0.0004025459289550782,0.25,{'alpha': 0.25},0.5546875,0.4921875,0.53125,0.5390625,0.578125,0.5390625,0.028384222069663984,5,100
0.0011999130249023438,0.00040114744342430484,0.0005917072296142579,0.00048339239383722143,0.5,{'alpha': 0.5},0.5546875,0.5078125,0.5390625,0.5390625,0.5859375,0.5453125,0.02538762001448738,1,100
0.0009925365447998047,4.325835582749072e-06,0.000602102279663086,0.0004916221070961385,0.75,{'alpha': 0.75},0.546875,0.5078125,0.546875,0.5390625,0.5859375,0.5453125,0.02490215226642067,1,100
0.0009975910186767578,8.679746172634342e-06,0.000597381591796875,0.0004878391978743886,0.85,{'alpha': 0.85},0.546875,0.5078125,0.546875,0.5390625,0.5859375,0.5453125,0.02490215226642067,1,100
0.0010097503662109375,1.043979394370209e-05,0.0007717609405517578,0.0003895008068367778,1.0,{'alpha': 1.0},0.546875,0.5078125,0.546875,0.5390625,0.5859375,0.5453125,0.02490215226642067,1,100
0.0011996746063232422,0.00039325932709266466,0.0009939193725585938,8.611367516780114e-06,0.1,{'alpha': 0.1},0.59375,0.6328125,0.5859375,0.5390625,0.65625,0.6015625,0.04044430970482745,7,250
0.0012866020202636718,0.0004000922514102982,0.0006028175354003906,0.0004922741190368865,0.15,{'alpha': 0.15},0.59375,0.6328125,0.6015625,0.5390625,0.6640625,0.60625,0.04180965050081141,6,250
0.0009911537170410156,2.445779549148027e-05,0.0010022163391113282,1.4300027578526734e-05,0.25,{'alpha': 0.25},0.6015625,0.6328125,0.6015625,0.5390625,0.671875,0.609375,0.04363825013677794,5,250
0.0009881973266601563,1.514916979810682e-05,0.0010067939758300782,1.461908384599088e-05,0.5,{'alpha': 0.5},0.6015625,0.6328125,0.6015625,0.5546875,0.6796875,0.6140625,0.04122158111960287,1,250
0.0014512062072753907,0.0004654141816055002,0.00021166801452636718,0.00042333602905273435,0.75,{'alpha': 0.75},0.609375,0.625,0.6015625,0.546875,0.6796875,0.6125,0.04267656338671145,4,250
0.00099639892578125,5.612517171101161e-06,0.0009969234466552734,9.445228176010706e-06,0.85,{'alpha': 0.85},0.609375,0.625,0.6015625,0.5546875,0.6796875,0.6140625,0.04032339968926231,1,250
0.0013051509857177734,0.00040274817526840117,0.00019931793212890625,0.0003986358642578125,1.0,{'alpha': 1.0},0.609375,0.625,0.6015625,0.5546875,0.6796875,0.6140625,0.04032339968926231,1,250
0.002401590347290039,0.0005002949240481622,0.0005970478057861328,0.00048749179088894185,0.1,{'alpha': 0.1},0.6640625,0.59375,0.59375,0.703125,0.640625,0.6390625,0.04204257514710534,2,500
0.0023905754089355467,0.00049373816588764,0.0006010055541992188,0.000490727003700122,0.15,{'alpha': 0.15},0.65625,0.5859375,0.5859375,0.703125,0.640625,0.634375,0.04457919568027221,7,500
0.0022001266479492188,0.00039453628646812637,0.0007889270782470703,0.0003947820621050906,0.25,{'alpha': 0.25},0.671875,0.578125,0.59375,0.6953125,0.640625,0.6359375,0.04463392767839281,6,500
0.0021901607513427736,0.0004002926360573541,0.0007997989654541015,0.0003999248511204638,0.5,{'alpha': 0.5},0.6796875,0.5859375,0.5859375,0.7109375,0.640625,0.640625,0.04990224819584785,1,500
0.0021895885467529295,0.0003974422524599961,0.0006011962890625,0.0004909752728505588,0.75,{'alpha': 0.75},0.6796875,0.578125,0.578125,0.7109375,0.640625,0.6375,0.0533542846217621,3,500
0.0022984981536865235,0.00040801363817330563,0.0007962226867675781,0.0003982538864070384,0.85,{'alpha': 0.85},0.6796875,0.578125,0.578125,0.7109375,0.640625,0.6375,0.0533542846217621,3,500
0.0025890350341796877,0.0004912039199583432,0.0003991127014160156,0.0004888113271977794,1.0,{'alpha': 1.0},0.671875,0.5859375,0.578125,0.7109375,0.640625,0.6375,0.05053425508998822,3,500
0.004387903213500977,0.00048377531216696175,0.0007914543151855469,0.00039588141442716473,0.1,{'alpha': 0.1},0.7578125,0.6796875,0.6484375,0.6484375,0.7109375,0.6890625,0.0414578098794425,7,1000
0.003997135162353516,3.026297279291663e-05,0.0009232044219970703,0.0005203058289713828,0.15,{'alpha': 0.15},0.7734375,0.6953125,0.640625,0.6640625,0.734375,0.7015625,0.04775220871855039,6,1000
0.0055921077728271484,0.000633099408282894,0.0007999420166015625,0.0003999840261753948,0.25,{'alpha': 0.25},0.7890625,0.703125,0.6328125,0.6796875,0.75,0.7109375,0.05435164728414402,2,1000
0.004424285888671875,0.0006796548449747023,0.0006636142730712891,0.0004208930501252879,0.5,{'alpha': 0.5},0.7890625,0.71875,0.6328125,0.6953125,0.7421875,0.715625,0.0517279542413964,1,1000
0.004179859161376953,0.00023704527158770888,0.0005965709686279296,0.00048710017114810054,0.75,{'alpha': 0.75},0.8046875,0.6953125,0.640625,0.6796875,0.734375,0.7109375,0.05568290525376707,2,1000
0.004581260681152344,0.0007964123081916204,0.0007999420166015625,0.00039997862579848627,0.85,{'alpha': 0.85},0.8046875,0.6953125,0.640625,0.671875,0.734375,0.709375,0.05663927800122455,4,1000
0.004319477081298828,0.000411333049175635,0.0004353523254394531,0.0004509807765816155,1.0,{'alpha': 1.0},0.796875,0.703125,0.6484375,0.6640625,0.734375,0.709375,0.05307902422332196,4,1000
0.014357280731201173,0.002549839919518458,0.0012964248657226563,0.00039670918949445065,0.1,{'alpha': 0.1},0.7421875,0.703125,0.6875,0.671875,0.7421875,0.709375,0.02855572950390167,7,2000
0.012740325927734376,0.00034602175223353784,0.0009911537170410156,1.611427417860292e-05,0.15,{'alpha': 0.15},0.7578125,0.7109375,0.6875,0.6796875,0.7578125,0.71875,0.03351189154613628,5,2000
0.014507389068603516,0.0015778769721730215,0.0011974334716796874,0.00040146077168058344,0.25,{'alpha': 0.25},0.765625,0.703125,0.6875,0.671875,0.75,0.715625,0.03617449032121945,6,2000
0.020265960693359376,0.005065626756232565,0.0020066261291503905,0.0008758852311341036,0.5,{'alpha': 0.5},0.7890625,0.7265625,0.6796875,0.6796875,0.765625,0.728125,0.0443045214961182,3,2000
0.016225385665893554,0.004601439135881496,0.0017468452453613282,0.0009280381545497259,0.75,{'alpha': 0.75},0.7890625,0.71875,0.6796875,0.6953125,0.765625,0.7296875,0.04151665704870757,2,2000
0.015093231201171875,0.0022342286263956255,0.0013983726501464843,0.0004817957408068566,0.85,{'alpha': 0.85},0.78125,0.7265625,0.6796875,0.7109375,0.7578125,0.73125,0.035493177161251714,1,2000
0.014667224884033204,0.004276838503774105,0.0014976978302001954,0.0007823319540386464,1.0,{'alpha': 1.0},0.7734375,0.7109375,0.671875,0.703125,0.7421875,0.7203125,0.03472829807952011,4,2000
0.028424835205078124,0.007684241945824993,0.0023948192596435548,0.00041094446542750584,0.1,{'alpha': 0.1},0.828125,0.734375,0.796875,0.75,0.796875,0.78125,0.03423265984407288,7,3000
0.025949907302856446,0.004032973296633939,0.001469898223876953,0.0004474517124634996,0.15,{'alpha': 0.15},0.84375,0.734375,0.8125,0.7578125,0.796875,0.7890625,0.03890593624371479,4,3000
0.02830538749694824,0.004830723286166418,0.002191591262817383,0.0007588692575390912,0.25,{'alpha': 0.25},0.859375,0.7421875,0.796875,0.765625,0.796875,0.7921875,0.03940475066537029,2,3000
0.02360644340515137,0.0010556421558874714,0.001513671875,0.0006403746464014253,0.5,{'alpha': 0.5},0.8515625,0.75,0.8046875,0.7890625,0.7890625,0.796875,0.03277527650531724,1,3000
0.02372908592224121,0.0005451686340790509,0.0014910221099853516,0.0006255667623302593,0.75,{'alpha': 0.75},0.8515625,0.7421875,0.8046875,0.7734375,0.78125,0.790625,0.03644344934278313,3,3000
0.023572826385498048,0.0014674220717602608,0.0016798019409179688,0.0005750709623590902,0.85,{'alpha': 0.85},0.8515625,0.7421875,0.796875,0.7734375,0.78125,0.7890625,0.03597145135381668,4,3000
0.024991941452026368,0.001729509232823582,0.0019917964935302736,0.0006307825239408324,1.0,{'alpha': 1.0},0.84375,0.7421875,0.796875,0.7734375,0.7734375,0.7859375,0.03372973928894204,6,3000
0.04870610237121582,0.011007074886489478,0.0028048992156982423,0.000286772642004847,0.1,{'alpha': 0.1},0.7578125,0.6953125,0.7265625,0.640625,0.84375,0.7328125,0.06764019006847925,7,4000
0.03797392845153809,0.00352544918308454,0.0027923583984375,0.000403993285848234,0.15,{'alpha': 0.15},0.765625,0.6875,0.7265625,0.6640625,0.84375,0.7375,0.06339207117218998,5,4000
0.03589010238647461,0.004217476324639461,0.002193450927734375,0.00040328844812076653,0.25,{'alpha': 0.25},0.7734375,0.703125,0.7265625,0.65625,0.828125,0.7375,0.059003773714060015,5,4000
0.03952302932739258,0.006304209675535113,0.0030161380767822266,0.0006535163389277813,0.5,{'alpha': 0.5},0.765625,0.7265625,0.7109375,0.671875,0.8359375,0.7421875,0.05568290525376707,3,4000
0.03392925262451172,0.0016176803977877693,0.002264261245727539,0.0003882602749086302,0.75,{'alpha': 0.75},0.78125,0.71875,0.71875,0.6796875,0.828125,0.7453125,0.05266343608235224,1,4000
0.0349515438079834,0.005367482860317871,0.003003835678100586,0.001314826140309442,0.85,{'alpha': 0.85},0.78125,0.7109375,0.7109375,0.6796875,0.828125,0.7421875,0.05435164728414402,3,4000
0.0391599178314209,0.005632091356535778,0.002012491226196289,4.06918425983365e-05,1.0,{'alpha': 1.0},0.78125,0.7265625,0.7109375,0.6796875,0.8203125,0.74375,0.05048592006688598,2,4000
0.05254473686218262,0.01743650150992782,0.00299224853515625,5.088100498807624e-06,0.1,{'alpha': 0.1},0.78125,0.7578125,0.7734375,0.671875,0.828125,0.7625,0.051015086616607835,4,5000
0.044685888290405276,0.005362290357591671,0.002273702621459961,0.0003852110795281926,0.15,{'alpha': 0.15},0.7890625,0.75,0.7578125,0.6875,0.8359375,0.7640625,0.04876402041977261,2,5000
0.044160985946655275,0.0030186985910554453,0.0029993057250976562,0.0004919645453749978,0.25,{'alpha': 0.25},0.8046875,0.75,0.75,0.6953125,0.8203125,0.7640625,0.04457919568027221,2,5000
0.044999551773071286,0.003965079911965867,0.0024492740631103516,0.0004847418995725423,0.5,{'alpha': 0.5},0.8203125,0.75,0.734375,0.71875,0.8046875,0.765625,0.03983608994994363,1,5000
0.04421510696411133,0.003956439521665488,0.0030271530151367186,0.00026416190688274577,0.75,{'alpha': 0.75},0.8203125,0.75,0.703125,0.71875,0.8125,0.7609375,0.04780330793993236,5,5000
0.04511780738830566,0.003681115761945858,0.002618551254272461,0.00045907661778946465,0.85,{'alpha': 0.85},0.8203125,0.75,0.703125,0.71875,0.8125,0.7609375,0.04780330793993236,5,5000
0.04481263160705566,0.003517830249353859,0.002614545822143555,0.0004430912249982627,1.0,{'alpha': 1.0},0.828125,0.75,0.6953125,0.71875,0.8125,0.7609375,0.0517279542413964,5,5000
0.016942691802978516,0.0006421491741182355,0.0027970314025878907,0.0004027854962996978,0.1,{'alpha': 0.1},0.8046875,0.7421875,0.7421875,0.734375,0.8203125,0.76875,0.03617449032121945,4,5578
0.02358565330505371,0.004005550429890519,0.0034255027770996095,0.0010407978142399773,0.15,{'alpha': 0.15},0.8203125,0.734375,0.75,0.734375,0.8046875,0.76875,0.03651037951733725,4,5578
0.02112689018249512,0.004178547678467666,0.0036692142486572264,0.00041357665986791164,0.25,{'alpha': 0.25},0.8359375,0.734375,0.7578125,0.7421875,0.796875,0.7734375,0.037952993129659746,1,5578
0.018730354309082032,0.0022746756153810828,0.003223562240600586,0.001151274963275064,0.5,{'alpha': 0.5},0.84375,0.7265625,0.7265625,0.75,0.8203125,0.7734375,0.04916291475797586,1,5578
0.020723962783813478,0.0030806443759222603,0.0035770416259765627,0.0010210083886197977,0.75,{'alpha': 0.75},0.8359375,0.7265625,0.7109375,0.75,0.8203125,0.76875,0.05029211543572213,4,5578
0.019651269912719725,0.0022778941095120495,0.0032688140869140624,0.0008565448794827739,0.85,{'alpha': 0.85},0.8359375,0.734375,0.7109375,0.7421875,0.8203125,0.76875,0.049804304532841334,4,5578
0.016405439376831053,0.0006892500363371026,0.0023827552795410156,0.0004583485661502959,1.0,{'alpha': 1.0},0.8359375,0.734375,0.71875,0.7578125,0.8203125,0.7734375,0.04661385590680093,1,5578
0.0008292675018310546,0.0003501916697775122,0.0004105091094970703,0.0005030301702421044,0.1,{'alpha': 0.1},0.5078125,0.5,0.515625,0.5078125,0.5234375,0.5109375,0.007967217989988727,5,10
0.0007962226867675781,0.00039811652636263984,0.0005995750427246094,0.0004895665855246424,0.15,{'alpha': 0.15},0.5078125,0.5,0.515625,0.5078125,0.5234375,0.5109375,0.007967217989988727,5,10
0.0008073329925537109,0.0004037994450901613,0.0005925655364990235,0.0004839304150111613,0.25,{'alpha': 0.25},0.5078125,0.5,0.515625,0.5078125,0.5234375,0.5109375,0.007967217989988727,5,10
0.0008011341094970703,0.0004014142930075558,0.0005957603454589844,0.0004864710215297848,0.5,{'alpha': 0.5},0.515625,0.5,0.515625,0.5078125,0.5234375,0.5125,0.007967217989988727,1,10
0.0009884834289550781,1.8551355614910626e-05,0.00040688514709472654,0.0004984283633387579,0.75,{'alpha': 0.75},0.515625,0.5,0.515625,0.5078125,0.5234375,0.5125,0.007967217989988727,1,10
0.000998544692993164,5.674963206028687e-06,0.0005951404571533203,0.00048594821739287073,0.85,{'alpha': 0.85},0.515625,0.5,0.515625,0.5078125,0.5234375,0.5125,0.007967217989988727,1,10
0.000988340377807617,2.5250587433382486e-05,0.0006110668182373047,0.0004990402377515512,1.0,{'alpha': 1.0},0.515625,0.5,0.515625,0.5078125,0.5234375,0.5125,0.007967217989988727,1,10
0.0010103702545166016,2.1020029045372565e-05,0.0006402969360351562,0.0005297520607329548,0.1,{'alpha': 0.1},0.5859375,0.59375,0.5859375,0.5625,0.609375,0.5875,0.015148999554426027,1,15
0.0007998943328857422,0.00039995826287943687,0.0005967140197753907,0.00048723372490722046,0.15,{'alpha': 0.15},0.5859375,0.59375,0.5859375,0.5625,0.609375,0.5875,0.015148999554426027,1,15
0.000997018814086914,2.3717556219951415e-06,0.0003982067108154297,0.00048770191238134105,0.25,{'alpha': 0.25},0.5859375,0.59375,0.578125,0.5625,0.609375,0.5859375,0.015625,3,15
0.0007977962493896484,0.0003989554736998348,0.00039782524108886717,0.00048725612885553435,0.5,{'alpha': 0.5},0.5859375,0.59375,0.578125,0.5625,0.609375,0.5859375,0.015625,3,15
0.0007986545562744141,0.0003993536223148122,0.0007951736450195312,0.00039763788850139274,0.75,{'alpha': 0.75},0.5859375,0.59375,0.578125,0.5625,0.609375,0.5859375,0.015625,3,15
0.0009907722473144532,1.6306575927638584e-05,0.00040426254272460935,0.0004951983985754313,0.85,{'alpha': 0.85},0.5859375,0.59375,0.578125,0.5625,0.609375,0.5859375,0.015625,3,15
0.000994396209716797,5.8776828977790795e-06,0.0005987167358398437,0.000488850640628558,1.0,{'alpha': 1.0},0.5859375,0.59375,0.578125,0.5546875,0.609375,0.584375,0.018087245160609725,7,15
0.0010332584381103516,7.175748104833387e-05,0.00059967041015625,0.0004896543565736697,0.1,{'alpha': 0.1},0.5234375,0.515625,0.5546875,0.53125,0.5390625,0.5328125,0.013441133229754104,5,25
0.0007946968078613281,0.0003973656419095536,0.0006006240844726562,0.00049043174383457,0.15,{'alpha': 0.15},0.5234375,0.515625,0.5546875,0.53125,0.5390625,0.5328125,0.013441133229754104,5,25
0.0009958744049072266,5.949964812207819e-06,0.00059967041015625,0.000489656028250483,0.25,{'alpha': 0.25},0.5234375,0.515625,0.5546875,0.53125,0.5390625,0.5328125,0.013441133229754104,5,25
0.000790548324584961,0.0003955710817250994,0.00040411949157714844,0.00049506399434519,0.5,{'alpha': 0.5},0.5234375,0.5234375,0.5546875,0.53125,0.5390625,0.534375,0.011692679333668566,4,25
0.00059814453125,0.0004883876746024152,0.0005988121032714844,0.0004889306391859459,0.75,{'alpha': 0.75},0.5234375,0.53125,0.5546875,0.53125,0.5390625,0.5359375,0.010597390598633231,1,25
0.0007962703704833985,0.00039813999313269505,0.0005974769592285156,0.00048784685090121104,0.85,{'alpha': 0.85},0.5234375,0.53125,0.5546875,0.53125,0.5390625,0.5359375,0.010597390598633231,1,25
0.0008036613464355469,0.00040198213539057316,0.00040178298950195314,0.0004921224082441666,1.0,{'alpha': 1.0},0.5234375,0.53125,0.5546875,0.53125,0.5390625,0.5359375,0.010597390598633231,1,25
0.0009902000427246093,1.8096833968622934e-05,0.0007933616638183594,0.00039669643671299436,0.1,{'alpha': 0.1},0.59375,0.6171875,0.5625,0.578125,0.5390625,0.578125,0.02660841619676,6,50
0.0011977672576904297,0.0003965261635631374,0.0002918720245361328,0.000396489520711933,0.15,{'alpha': 0.15},0.6015625,0.6171875,0.5625,0.578125,0.5390625,0.5796875,0.02768757054167086,2,50
0.0008059024810791015,0.00040311795869331184,0.0005910873413085937,0.00048284647894544964,0.25,{'alpha': 0.25},0.6015625,0.6171875,0.5703125,0.5703125,0.546875,0.58125,0.024999999999999998,1,50
0.0009967327117919923,9.797350194063436e-06,0.00039930343627929686,0.000489045672592973,0.5,{'alpha': 0.5},0.6015625,0.6171875,0.5546875,0.5703125,0.546875,0.578125,0.027063293868263706,6,50
0.0007973670959472656,0.0003992015530072258,0.0005965232849121094,0.00048757509955226044,0.75,{'alpha': 0.75},0.609375,0.6171875,0.5546875,0.5703125,0.546875,0.5796875,0.028555729503901665,2,50
0.0008037090301513672,0.000401927423808562,0.00047168731689453127,0.0004273014000875862,0.85,{'alpha': 0.85},0.609375,0.6171875,0.5546875,0.5703125,0.546875,0.5796875,0.028555729503901665,2,50
0.0009978294372558593,4.5771399864259565e-06,0.000598287582397461,0.0004885144347454582,1.0,{'alpha': 1.0},0.609375,0.6171875,0.5546875,0.5703125,0.546875,0.5796875,0.028555729503901665,2,50
0.0012862682342529297,0.0003943120973230465,0.00060577392578125,0.0004947932979694162,0.1,{'alpha': 0.1},0.5859375,0.625,0.65625,0.671875,0.65625,0.6390625,0.030618621784789725,6,100
0.001294851303100586,0.00039901926001891723,0.00040559768676757814,0.0004968824035516377,0.15,{'alpha': 0.15},0.5859375,0.6171875,0.65625,0.6796875,0.6640625,0.640625,0.03423265984407288,3,100
0.0009960174560546876,1.1543005406294064e-06,0.0005980491638183594,0.0004883051983727171,0.25,{'alpha': 0.25},0.5859375,0.609375,0.65625,0.6875,0.671875,0.6421875,0.03840064289826409,1,100
0.0011046409606933593,0.00021431989134573876,0.00019931793212890625,0.0003986358642578125,0.5,{'alpha': 0.5},0.59375,0.609375,0.671875,0.6796875,0.65625,0.6421875,0.034375,1,100
0.001196002960205078,0.00039894610406496136,0.0003986358642578125,0.0004882272303025095,0.75,{'alpha': 0.75},0.59375,0.6015625,0.6796875,0.6796875,0.6484375,0.640625,0.0369754986443726,3,100
0.0011955738067626954,0.00039737237095580514,0.00019936561584472657,0.00039873123168945315,0.85,{'alpha': 0.85},0.59375,0.6015625,0.6796875,0.6796875,0.6484375,0.640625,0.0369754986443726,3,100
0.0008532524108886719,0.00028727060037486235,0.0008002758026123047,0.00040018575476289704,1.0,{'alpha': 1.0},0.5859375,0.59375,0.671875,0.6796875,0.6484375,0.6359375,0.03909373750999001,7,100
0.0021183013916015623,0.0002476289049459273,0.0,0.0,0.1,{'alpha': 0.1},0.765625,0.6640625,0.640625,0.6953125,0.6875,0.690625,0.04210060495408587,1,250
0.0014009952545166015,0.000449886683283052,0.0008397579193115234,0.0008818332571928743,0.15,{'alpha': 0.15},0.7578125,0.671875,0.640625,0.6796875,0.6796875,0.6859375,0.03871722404176209,2,250
0.001501750946044922,0.0004291875984586806,0.00023136138916015624,0.00028644261782156537,0.25,{'alpha': 0.25},0.7421875,0.671875,0.640625,0.671875,0.6953125,0.684375,0.03372973928894204,7,250
0.0009430885314941406,0.00020004535565293707,0.0008387088775634766,0.00042435186234748184,0.5,{'alpha': 0.5},0.734375,0.6796875,0.65625,0.671875,0.6875,0.6859375,0.02633171804117612,2,250
0.0015782833099365235,0.0004112920313970229,0.00019922256469726563,0.00039844512939453126,0.75,{'alpha': 0.75},0.734375,0.6875,0.671875,0.6484375,0.6875,0.6859375,0.028125,2,250
0.001594686508178711,0.000491274973154828,0.0,0.0,0.85,{'alpha': 0.85},0.734375,0.6796875,0.671875,0.65625,0.6875,0.6859375,0.02633171804117612,2,250
0.0009946823120117188,2.908315788646108e-06,0.000996875762939453,1.8056961277734266e-06,1.0,{'alpha': 1.0},0.734375,0.6796875,0.671875,0.65625,0.6875,0.6859375,0.02633171804117612,2,250
0.0024318695068359375,0.00046081484745633057,0.0005915164947509766,0.00048300341941283353,0.1,{'alpha': 0.1},0.75,0.703125,0.703125,0.703125,0.7109375,0.7140625,0.018221724671391562,7,500
0.0023854732513427734,0.000484256215316662,0.0005985736846923828,0.0004890277769783407,0.15,{'alpha': 0.15},0.765625,0.7109375,0.703125,0.6953125,0.7265625,0.7203125,0.024902152266420667,6,500
0.002191495895385742,0.0004023135153030776,0.0007997512817382813,0.00039994037198863076,0.25,{'alpha': 0.25},0.78125,0.71875,0.6953125,0.703125,0.7421875,0.728125,0.031014739439498763,5,500
0.0023877620697021484,0.0004888203278895982,0.0006020069122314453,0.0004915514186206884,0.5,{'alpha': 0.5},0.8046875,0.7265625,0.6953125,0.71875,0.734375,0.7359375,0.03677688217481194,3,500
0.00224452018737793,0.00038570527423717547,0.0005968570709228516,0.00048733447157726787,0.75,{'alpha': 0.75},0.8125,0.734375,0.6875,0.7265625,0.7421875,0.740625,0.040564859330459904,1,500
0.002178525924682617,0.00040636323365326386,0.00040721893310546875,0.0004988925488306098,0.85,{'alpha': 0.85},0.8125,0.7265625,0.6875,0.71875,0.7421875,0.7375,0.04151665704870757,2,500
0.0025972366333007813,0.0004859540707481195,0.0005934715270996093,0.0004846136740825406,1.0,{'alpha': 1.0},0.8125,0.71875,0.6796875,0.7109375,0.75,0.734375,0.04501518840902479,4,500
0.00526895523071289,0.0010296147079647752,0.0008203029632568359,0.00041427291777549295,0.1,{'alpha': 0.1},0.7890625,0.7890625,0.7421875,0.703125,0.78125,0.7609375,0.03372973928894204,7,1000
0.005368566513061524,0.001606822438193652,0.0008123874664306641,0.00040731966505936913,0.15,{'alpha': 0.15},0.78125,0.7890625,0.765625,0.71875,0.7734375,0.765625,0.024705294220065465,5,1000
0.005216741561889648,0.0011282702205991182,0.0010004043579101562,0.000631139075941709,0.25,{'alpha': 0.25},0.7734375,0.796875,0.75,0.7265625,0.78125,0.765625,0.024705294220065465,5,1000
0.0045928955078125,0.0004993022199369706,0.0004111289978027344,0.0004756138033620095,0.5,{'alpha': 0.5},0.8125,0.8125,0.7578125,0.75,0.796875,0.7859375,0.026882266459508208,2,1000
0.005071306228637695,0.0015096751753216535,0.00107879638671875,0.0006525107936451872,0.75,{'alpha': 0.75},0.8046875,0.8125,0.7578125,0.7734375,0.78125,0.7859375,0.020131404260508006,2,1000
0.006157064437866211,0.0011035019005166211,0.0010134220123291016,0.0006461246707837905,0.85,{'alpha': 0.85},0.8125,0.8203125,0.7578125,0.7734375,0.7734375,0.7875,0.024407030237208294,1,1000
0.006005859375,0.0016394518105305694,0.0007961273193359375,0.00039806391670756136,1.0,{'alpha': 1.0},0.8046875,0.8046875,0.7578125,0.7734375,0.7734375,0.7828125,0.018750000000000003,4,1000
0.01694488525390625,0.004366240743843382,0.0015999794006347657,0.0007956343902612134,0.1,{'alpha': 0.1},0.7890625,0.8203125,0.78125,0.8046875,0.8046875,0.8,0.013621559198564604,3,2000
0.018106460571289062,0.005473082236468809,0.0014361858367919922,0.0008437426675835879,0.15,{'alpha': 0.15},0.796875,0.8125,0.7890625,0.8046875,0.8125,0.803125,0.009110862335695781,2,2000
0.014312410354614257,0.002635098509763988,0.001519918441772461,0.0006440922990076749,0.25,{'alpha': 0.25},0.8046875,0.8125,0.8046875,0.796875,0.8203125,0.8078125,0.007967217989988727,1,2000
0.012318658828735351,0.00044266045441816894,0.001197052001953125,0.0003934087286756765,0.5,{'alpha': 0.5},0.8125,0.8046875,0.796875,0.7890625,0.796875,0.8,0.007967217989988727,3,2000
0.014589834213256835,0.0017027260458297808,0.001415109634399414,0.00048167071515076707,0.75,{'alpha': 0.75},0.8046875,0.796875,0.78125,0.796875,0.7890625,0.79375,0.007967217989988727,5,2000
0.012752294540405273,0.0007531798310712987,0.0010810375213623046,0.00011392550833198079,0.85,{'alpha': 0.85},0.8046875,0.796875,0.78125,0.796875,0.7890625,0.79375,0.007967217989988727,5,2000
0.012840795516967773,0.0004375479537241205,0.0012185096740722657,0.00039633250301618356,1.0,{'alpha': 1.0},0.796875,0.796875,0.78125,0.78125,0.796875,0.790625,0.007654655446197431,7,2000
0.024364519119262695,0.000736276879961387,0.0015986442565917968,0.0004914850918113805,0.1,{'alpha': 0.1},0.8828125,0.7890625,0.8203125,0.796875,0.8203125,0.821875,0.03292391797766481,2,3000
0.02853050231933594,0.00818157690251276,0.001587247848510742,0.0004932961087606394,0.15,{'alpha': 0.15},0.890625,0.8046875,0.828125,0.8046875,0.8125,0.828125,0.03240068961457456,1,3000
0.03751349449157715,0.008823876485279535,0.002411079406738281,0.0013469728370823256,0.25,{'alpha': 0.25},0.8984375,0.8125,0.8125,0.7890625,0.796875,0.821875,0.039342744725044294,2,3000
0.029802417755126952,0.005609271786674318,0.0018963336944580079,0.0006650211337271191,0.5,{'alpha': 0.5},0.8671875,0.796875,0.8046875,0.7734375,0.8125,0.8109375,0.031014739439498763,4,3000
0.026639127731323244,0.0035813822652883613,0.0020997047424316405,0.00046791613652842444,0.75,{'alpha': 0.75},0.8828125,0.7890625,0.8125,0.7578125,0.8125,0.8109375,0.04116231210099841,4,3000
0.025307178497314453,0.0037504400373652843,0.0014974594116210938,0.0004284013515807376,0.85,{'alpha': 0.85},0.8828125,0.7890625,0.8203125,0.7265625,0.8203125,0.8078125,0.05077524002897475,6,3000
0.025170421600341795,0.003407984871292545,0.0015891551971435546,0.0004958169325903455,1.0,{'alpha': 1.0},0.8828125,0.765625,0.8125,0.7109375,0.8203125,0.7984375,0.057494904665544064,7,3000
0.035844278335571286,0.004533626413169961,0.0026571273803710936,0.0005548945507493126,0.1,{'alpha': 0.1},0.84375,0.8359375,0.8359375,0.796875,0.8828125,0.8390625,0.027332587007087347,7,4000
0.03471732139587402,0.003320339400732717,0.0022114276885986327,0.00038657440449641346,0.15,{'alpha': 0.15},0.84375,0.84375,0.8515625,0.8046875,0.8828125,0.8453125,0.024902152266420667,3,4000
0.04188995361328125,0.005129285053037684,0.002087831497192383,0.0006230529553214237,0.25,{'alpha': 0.25},0.8515625,0.8515625,0.8671875,0.8046875,0.875,0.85,0.024407030237208294,1,4000
0.04828124046325684,0.005240728993403337,0.002663993835449219,0.0005804999309020067,0.5,{'alpha': 0.5},0.859375,0.84375,0.875,0.796875,0.875,0.85,0.028980057798424073,1,4000
0.03700518608093262,0.0035978356019697763,0.0019939422607421877,2.0252953130336096e-06,0.75,{'alpha': 0.75},0.84375,0.8515625,0.8515625,0.8046875,0.859375,0.8421875,0.019390115071860715,5,4000
0.04412927627563477,0.006608150283236902,0.0020035743713378907,2.416044995479993e-05,0.85,{'alpha': 0.85},0.84375,0.8515625,0.84375,0.8046875,0.859375,0.840625,0.01887975933374152,6,4000
0.04335474967956543,0.002736570839682276,0.0019917964935302736,5.399851862675501e-06,1.0,{'alpha': 1.0},0.84375,0.8515625,0.8515625,0.8125,0.859375,0.84375,0.01638763825265862,4,4000
0.04957680702209473,0.004349674300724018,0.0031909942626953125,0.0009757524722073766,0.1,{'alpha': 0.1},0.875,0.84375,0.8203125,0.796875,0.921875,0.8515625,0.04363825013677794,7,5000
0.05282635688781738,0.008585860369838608,0.003187894821166992,0.0009753880129716884,0.15,{'alpha': 0.15},0.875,0.8359375,0.8203125,0.8125,0.921875,0.853125,0.040564859330459904,6,5000
0.042754173278808594,0.0012455862081697338,0.002407693862915039,0.0005040913421275552,0.25,{'alpha': 0.25},0.8671875,0.859375,0.84375,0.8125,0.90625,0.8578125,0.030618621784789725,3,5000
0.05008354187011719,0.006936409968441954,0.0029740333557128906,0.0009137266550738901,0.5,{'alpha': 0.5},0.875,0.8359375,0.84375,0.828125,0.90625,0.8578125,0.028980057798424073,3,5000
0.04962902069091797,0.006714413061559822,0.0027919292449951174,0.00039772633780908723,0.75,{'alpha': 0.75},0.8671875,0.84375,0.8515625,0.828125,0.8984375,0.8578125,0.02390165396996618,3,5000
0.04914674758911133,0.006487361442157107,0.0029149532318115236,0.0008370662663122787,0.85,{'alpha': 0.85},0.8671875,0.859375,0.8515625,0.8359375,0.8984375,0.8625,0.02072890493972125,1,5000
0.048062896728515624,0.004317934594100406,0.003828763961791992,0.0008086254945506279,1.0,{'alpha': 1.0},0.875,0.859375,0.84375,0.8359375,0.8984375,0.8625,0.022426093897511445,1,5000
0.026931905746459962,0.0020427445268463526,0.004296875,0.00040278225039359206,0.1,{'alpha': 0.1},0.859375,0.8125,0.8359375,0.7890625,0.859375,0.83125,0.027332587007087343,1,8829
0.028540563583374024,0.0027421288450112605,0.0037900924682617186,0.0007452332542434972,0.15,{'alpha': 0.15},0.84375,0.828125,0.8359375,0.7734375,0.8671875,0.8296875,0.031014739439498763,2,8829
0.029737186431884766,0.004069202189036619,0.003591632843017578,0.00048492176529073446,0.25,{'alpha': 0.25},0.8359375,0.8203125,0.8203125,0.7890625,0.8671875,0.8265625,0.025387620014487376,4,8829
0.027311325073242188,0.0013498782850490064,0.00386810302734375,0.0006765323018503843,0.5,{'alpha': 0.5},0.8515625,0.8046875,0.8125,0.78125,0.8671875,0.8234375,0.031483502624390446,7,8829
0.029600763320922853,0.003558778432820728,0.004187297821044922,0.0003976240790285746,0.75,{'alpha': 0.75},0.8515625,0.8125,0.8046875,0.78125,0.875,0.825,0.03372973928894203,6,8829
0.027850961685180663,0.0010976814643676132,0.004275083541870117,0.0003934467738034217,0.85,{'alpha': 0.85},0.859375,0.8125,0.8046875,0.7890625,0.8671875,0.8265625,0.031014739439498763,4,8829
0.02913360595703125,0.0033119134235851688,0.003954124450683594,0.0003302702142569204,1.0,{'alpha': 1.0},0.859375,0.8125,0.8046875,0.796875,0.8671875,0.828125,0.029231698334171417,3,8829
