mean_fit_time,std_fit_time,mean_score_time,std_score_time,param_criterion,param_max_depth,param_max_features,param_n_estimators,params,split0_test_score,split1_test_score,split2_test_score,split3_test_score,split4_test_score,mean_test_score,std_test_score,rank_test_score
0.07797856330871582,0.010561279793143351,0.004186153411865234,0.0003983974599467286,gini,3,10,50,"{'criterion': 'gini', 'max_depth': 3, 'max_features': 10, 'n_estimators': 50}",0.671875,0.6640625,0.5546875,0.59375,0.6875,0.634375,0.05120615502554356,312
0.12267880439758301,0.01128861625116682,0.005809116363525391,0.0004137998353664797,gini,3,10,100,"{'criterion': 'gini', 'max_depth': 3, 'max_features': 10, 'n_estimators': 100}",0.71875,0.7109375,0.6796875,0.609375,0.6640625,0.6765625,0.03909373750999001,298
0.20405402183532714,0.013258792391235102,0.009769678115844727,0.0019361004108208633,gini,3,10,200,"{'criterion': 'gini', 'max_depth': 3, 'max_features': 10, 'n_estimators': 200}",0.7578125,0.7265625,0.703125,0.6953125,0.78125,0.7328125,0.03255104164999947,187
0.07425131797790527,0.012155149595920798,0.004982423782348633,0.0015450189746826287,gini,3,15,50,"{'criterion': 'gini', 'max_depth': 3, 'max_features': 15, 'n_estimators': 50}",0.6953125,0.703125,0.6953125,0.6328125,0.6875,0.6828125,0.02548360379734389,294
0.11687765121459961,0.008680765791167904,0.007375526428222656,0.002996399307423114,gini,3,15,100,"{'criterion': 'gini', 'max_depth': 3, 'max_features': 15, 'n_estimators': 100}",0.6796875,0.6875,0.625,0.703125,0.75,0.6890625,0.04026280852101602,288
0.256011438369751,0.024525116134571357,0.009966230392456055,0.0026007641319531934,gini,3,15,200,"{'criterion': 'gini', 'max_depth': 3, 'max_features': 15, 'n_estimators': 200}",0.765625,0.7578125,0.7265625,0.6796875,0.7421875,0.734375,0.03045873232752801,183
0.06480002403259277,0.005774634863257324,0.005581045150756836,0.002325105733122969,gini,3,25,50,"{'criterion': 'gini', 'max_depth': 3, 'max_features': 25, 'n_estimators': 50}",0.671875,0.7265625,0.734375,0.7265625,0.6875,0.709375,0.024902152266420667,264
0.13325872421264648,0.019100693960683913,0.005978250503540039,0.0006303789864509252,gini,3,25,100,"{'criterion': 'gini', 'max_depth': 3, 'max_features': 25, 'n_estimators': 100}",0.7421875,0.75,0.71875,0.6640625,0.6875,0.7125,0.03255104164999947,256
0.2416125774383545,0.014594234502513903,0.010365676879882813,0.002324210007212453,gini,3,25,200,"{'criterion': 'gini', 'max_depth': 3, 'max_features': 25, 'n_estimators': 200}",0.8125,0.7109375,0.7265625,0.78125,0.78125,0.7625,0.03782412011534439,78
0.0808478832244873,0.009119442071345154,0.005120325088500977,0.0001887802705521173,gini,3,50,50,"{'criterion': 'gini', 'max_depth': 3, 'max_features': 50, 'n_estimators': 50}",0.71875,0.6953125,0.75,0.6953125,0.7265625,0.7171875,0.020610790559801435,244
0.15174002647399903,0.01535978186474618,0.007386922836303711,0.001012100555498111,gini,3,50,100,"{'criterion': 'gini', 'max_depth': 3, 'max_features': 50, 'n_estimators': 100}",0.7421875,0.75,0.7265625,0.75,0.8203125,0.7578125,0.03240068961457456,94
0.27476987838745115,0.02557827937073713,0.010565185546875,0.002051691788208158,gini,3,50,200,"{'criterion': 'gini', 'max_depth': 3, 'max_features': 50, 'n_estimators': 200}",0.7890625,0.7734375,0.78125,0.796875,0.7890625,0.7859375,0.007967217989988727,29
0.10939083099365235,0.011609346449054569,0.005580377578735351,0.0007982024636157118,gini,3,100,50,"{'criterion': 'gini', 'max_depth': 3, 'max_features': 100, 'n_estimators': 50}",0.7890625,0.6875,0.671875,0.71875,0.7265625,0.71875,0.04044430970482745,237
0.19371981620788575,0.018853780610475945,0.006632280349731445,0.0018204792316572791,gini,3,100,100,"{'criterion': 'gini', 'max_depth': 3, 'max_features': 100, 'n_estimators': 100}",0.7265625,0.78125,0.703125,0.7265625,0.734375,0.734375,0.025674494883054663,183
0.3556009292602539,0.021578386268300498,0.010564184188842774,0.0022370031940324854,gini,3,100,200,"{'criterion': 'gini', 'max_depth': 3, 'max_features': 100, 'n_estimators': 200}",0.8046875,0.6953125,0.828125,0.78125,0.7890625,0.7796875,0.04512352836935516,43
0.19405455589294435,0.05030449712970894,0.006035423278808594,0.0018180454605989378,gini,3,250,50,"{'criterion': 'gini', 'max_depth': 3, 'max_features': 250, 'n_estimators': 50}",0.7421875,0.71875,0.7578125,0.6796875,0.75,0.7296875,0.02821167200823092,201
0.3217788219451904,0.04326269843055029,0.007700395584106445,0.0018459248811170791,gini,3,250,100,"{'criterion': 'gini', 'max_depth': 3, 'max_features': 250, 'n_estimators': 100}",0.765625,0.75,0.796875,0.7421875,0.7578125,0.7625,0.018879759333741516,78
0.5833471298217774,0.020800334966147097,0.013553619384765625,0.005221393687471188,gini,3,250,200,"{'criterion': 'gini', 'max_depth': 3, 'max_features': 250, 'n_estimators': 200}",0.8125,0.7265625,0.7265625,0.734375,0.7734375,0.7546875,0.03372973928894204,103
0.25983548164367676,0.016358109339942736,0.005383205413818359,0.0010182154447417075,gini,3,500,50,"{'criterion': 'gini', 'max_depth': 3, 'max_features': 500, 'n_estimators': 50}",0.78125,0.71875,0.75,0.7265625,0.6796875,0.73125,0.03372973928894203,193
0.4862978458404541,0.017561308882512637,0.007376289367675782,0.002324676822747466,gini,3,500,100,"{'criterion': 'gini', 'max_depth': 3, 'max_features': 500, 'n_estimators': 100}",0.765625,0.7265625,0.7265625,0.7265625,0.7734375,0.74375,0.021194781197266463,142
0.9292677879333496,0.02031874108356124,0.009965991973876953,0.0018900671232275378,gini,3,500,200,"{'criterion': 'gini', 'max_depth': 3, 'max_features': 500, 'n_estimators': 200}",0.8359375,0.75,0.7734375,0.7421875,0.75,0.7703125,0.03444594950788844,62
0.42365341186523436,0.048887074844814006,0.006172561645507812,0.001029748590761955,gini,3,1000,50,"{'criterion': 'gini', 'max_depth': 3, 'max_features': 1000, 'n_estimators': 50}",0.734375,0.7109375,0.734375,0.78125,0.75,0.7421875,0.023175620272173948,154
0.8155398368835449,0.08848336544843581,0.007376766204833985,0.0017367992899763886,gini,3,1000,100,"{'criterion': 'gini', 'max_depth': 3, 'max_features': 1000, 'n_estimators': 100}",0.765625,0.7109375,0.7265625,0.734375,0.7421875,0.7359375,0.01808724516060973,180
1.514563226699829,0.045413131110956434,0.009766912460327149,0.001930403623280931,gini,3,1000,200,"{'criterion': 'gini', 'max_depth': 3, 'max_features': 1000, 'n_estimators': 200}",0.8203125,0.71875,0.7265625,0.7109375,0.7265625,0.740625,0.04026280852101602,163
0.6751931190490723,0.029572737893027036,0.0053825855255126955,0.000797129853985874,gini,3,2000,50,"{'criterion': 'gini', 'max_depth': 3, 'max_features': 2000, 'n_estimators': 50}",0.71875,0.71875,0.6953125,0.6953125,0.7265625,0.7109375,0.01307281291459493,261
1.3377524852752685,0.03216948804965834,0.006776094436645508,0.0013243585989912302,gini,3,2000,100,"{'criterion': 'gini', 'max_depth': 3, 'max_features': 2000, 'n_estimators': 100}",0.734375,0.7421875,0.7109375,0.78125,0.7421875,0.7421875,0.022642776165921,154
2.6399989128112793,0.10578764711555325,0.00996713638305664,0.0020890556079175846,gini,3,2000,200,"{'criterion': 'gini', 'max_depth': 3, 'max_features': 2000, 'n_estimators': 200}",0.7578125,0.7109375,0.6953125,0.7578125,0.7421875,0.7328125,0.025387620014487376,187
0.9575769424438476,0.04839743483701708,0.005382061004638672,0.0013536691562768754,gini,3,3000,50,"{'criterion': 'gini', 'max_depth': 3, 'max_features': 3000, 'n_estimators': 50}",0.71875,0.7109375,0.640625,0.6484375,0.6875,0.68125,0.031792171795899694,296
1.8954459190368653,0.0933308155225721,0.007099676132202149,0.001049385517320923,gini,3,3000,100,"{'criterion': 'gini', 'max_depth': 3, 'max_features': 3000, 'n_estimators': 100}",0.71875,0.703125,0.6796875,0.7109375,0.6875,0.7,0.014490028899212037,276
3.93528151512146,0.1710350759245667,0.013954639434814453,0.0047579827458381465,gini,3,3000,200,"{'criterion': 'gini', 'max_depth': 3, 'max_features': 3000, 'n_estimators': 200}",0.7265625,0.71875,0.6953125,0.7265625,0.6953125,0.7125,0.014320549046736998,256
1.2099044799804688,0.10232136418030006,0.005984878540039063,0.0035200522654825423,gini,3,4000,50,"{'criterion': 'gini', 'max_depth': 3, 'max_features': 4000, 'n_estimators': 50}",0.6953125,0.6953125,0.6640625,0.7265625,0.6875,0.69375,0.020009763241977653,282
2.3578207969665526,0.08956556870308632,0.005980873107910156,8.869683855885636e-07,gini,3,4000,100,"{'criterion': 'gini', 'max_depth': 3, 'max_features': 4000, 'n_estimators': 100}",0.671875,0.7109375,0.6640625,0.7578125,0.6484375,0.690625,0.03940475066537028,287
4.540752983093261,0.1136773926606219,0.008567094802856445,0.0018541979945331495,gini,3,4000,200,"{'criterion': 'gini', 'max_depth': 3, 'max_features': 4000, 'n_estimators': 200}",0.6875,0.6484375,0.6953125,0.71875,0.7265625,0.6953125,0.027510651346342202,280
1.4141726970672608,0.06760737520106362,0.006283903121948242,0.0026701981946596863,gini,3,5000,50,"{'criterion': 'gini', 'max_depth': 3, 'max_features': 5000, 'n_estimators': 50}",0.6796875,0.703125,0.65625,0.6875,0.65625,0.6765625,0.018221724671391562,298
2.715502119064331,0.08209032039809949,0.006209278106689453,0.000998975856205414,gini,3,5000,100,"{'criterion': 'gini', 'max_depth': 3, 'max_features': 5000, 'n_estimators': 100}",0.6640625,0.671875,0.671875,0.7109375,0.7109375,0.6859375,0.020610790559801435,292
5.806674766540527,0.5114903067268928,0.009000158309936524,0.002093655783365066,gini,3,5000,200,"{'criterion': 'gini', 'max_depth': 3, 'max_features': 5000, 'n_estimators': 200}",0.7421875,0.65625,0.6640625,0.734375,0.703125,0.7,0.03514756837250623,276
2.1345069885253904,0.04074236224869593,0.0048067569732666016,0.0007223760484353658,gini,3,8829,50,"{'criterion': 'gini', 'max_depth': 3, 'max_features': 8829, 'n_estimators': 50}",0.6484375,0.7421875,0.625,0.6953125,0.6640625,0.675,0.040625,301
4.351826429367065,0.23404085702023875,0.008022594451904296,0.0018035096371582138,gini,3,8829,100,"{'criterion': 'gini', 'max_depth': 3, 'max_features': 8829, 'n_estimators': 100}",0.609375,0.671875,0.640625,0.703125,0.6640625,0.6578125,0.03140586131600278,308
8.725794124603272,0.2028404809882551,0.010963964462280273,0.002746733834290285,gini,3,8829,200,"{'criterion': 'gini', 'max_depth': 3, 'max_features': 8829, 'n_estimators': 200}",0.6328125,0.6796875,0.625,0.7421875,0.671875,0.6703125,0.041751216299648085,303
0.06361513137817383,0.00541573863653666,0.005183506011962891,0.00040028155954078507,gini,5,10,50,"{'criterion': 'gini', 'max_depth': 5, 'max_features': 10, 'n_estimators': 50}",0.6875,0.640625,0.65625,0.6796875,0.65625,0.6640625,0.01711632992203644,307
0.1269092082977295,0.014118400290619589,0.006979131698608398,0.003088405852644345,gini,5,10,100,"{'criterion': 'gini', 'max_depth': 5, 'max_features': 10, 'n_estimators': 100}",0.6796875,0.6875,0.734375,0.671875,0.6875,0.6921875,0.021875,285
0.20886406898498536,0.019419365541737225,0.010986614227294921,0.00336539588510449,gini,5,10,200,"{'criterion': 'gini', 'max_depth': 5, 'max_features': 10, 'n_estimators': 200}",0.7890625,0.71875,0.7265625,0.71875,0.765625,0.74375,0.028555729503901665,142
0.06798911094665527,0.00504501494823578,0.00558013916015625,0.001351439516200651,gini,5,15,50,"{'criterion': 'gini', 'max_depth': 5, 'max_features': 15, 'n_estimators': 50}",0.7109375,0.7109375,0.6796875,0.6328125,0.7109375,0.6890625,0.030618621784789725,288
0.1210103988647461,0.01022690293775389,0.005382442474365234,0.0004881115940889492,gini,5,15,100,"{'criterion': 'gini', 'max_depth': 5, 'max_features': 15, 'n_estimators': 100}",0.7265625,0.7421875,0.734375,0.734375,0.765625,0.740625,0.013441133229754104,163
0.21947627067565917,0.011040038321791656,0.010565471649169923,0.004699792962267903,gini,5,15,200,"{'criterion': 'gini', 'max_depth': 5, 'max_features': 15, 'n_estimators': 200}",0.78125,0.765625,0.7578125,0.7734375,0.734375,0.7625,0.016086922095292187,78
0.07856569290161133,0.003302232989474731,0.0059794425964355465,0.001261427154288297,gini,5,25,50,"{'criterion': 'gini', 'max_depth': 5, 'max_features': 25, 'n_estimators': 50}",0.703125,0.703125,0.7421875,0.65625,0.7421875,0.709375,0.031792171795899694,264
0.13132057189941407,0.010302699923731378,0.00578012466430664,0.0007455005262703077,gini,5,25,100,"{'criterion': 'gini', 'max_depth': 5, 'max_features': 25, 'n_estimators': 100}",0.7734375,0.703125,0.75,0.734375,0.75,0.7421875,0.023175620272173948,154
0.24653220176696777,0.01763780552229666,0.011379623413085937,0.0041913212100704155,gini,5,25,200,"{'criterion': 'gini', 'max_depth': 5, 'max_features': 25, 'n_estimators': 200}",0.796875,0.7734375,0.75,0.75,0.8203125,0.778125,0.027332587007087343,45
0.09851465225219727,0.006218203532763452,0.005183744430541992,0.0019323070465469955,gini,5,50,50,"{'criterion': 'gini', 'max_depth': 5, 'max_features': 50, 'n_estimators': 50}",0.7734375,0.703125,0.734375,0.7734375,0.8203125,0.7609375,0.03971332820980886,84
0.15267705917358398,0.010221956226314706,0.005582332611083984,0.0004889103489473897,gini,5,50,100,"{'criterion': 'gini', 'max_depth': 5, 'max_features': 50, 'n_estimators': 100}",0.7890625,0.78125,0.75,0.7578125,0.7890625,0.7734375,0.01638763825265862,56
0.31228222846984866,0.01920029936653137,0.011565923690795898,0.005232765132549612,gini,5,50,200,"{'criterion': 'gini', 'max_depth': 5, 'max_features': 50, 'n_estimators': 200}",0.859375,0.765625,0.71875,0.7578125,0.8515625,0.790625,0.05533103503008054,20
0.1200533390045166,0.016648791019256832,0.004984331130981445,1.7019813821387052e-06,gini,5,100,50,"{'criterion': 'gini', 'max_depth': 5, 'max_features': 100, 'n_estimators': 50}",0.8125,0.78125,0.71875,0.7578125,0.7890625,0.771875,0.031792171795899694,60
0.22249279022216797,0.013423173704285139,0.006378030776977539,0.0010153600930133248,gini,5,100,100,"{'criterion': 'gini', 'max_depth': 5, 'max_features': 100, 'n_estimators': 100}",0.828125,0.8046875,0.7421875,0.765625,0.765625,0.78125,0.030856902590830466,39
0.4448134422302246,0.019041563991750554,0.010365724563598633,0.0018478590344945128,gini,5,100,200,"{'criterion': 'gini', 'max_depth': 5, 'max_features': 100, 'n_estimators': 200}",0.859375,0.7734375,0.8125,0.7734375,0.8046875,0.8046875,0.03163821364268216,2
0.21379437446594238,0.010466356869977175,0.00498504638671875,0.0006304532633180172,gini,5,250,50,"{'criterion': 'gini', 'max_depth': 5, 'max_features': 250, 'n_estimators': 50}",0.75,0.71875,0.6953125,0.7578125,0.765625,0.7375,0.02642427269576213,172
0.37642292976379393,0.025917717979803617,0.005980920791625976,0.0008918039911234474,gini,5,250,100,"{'criterion': 'gini', 'max_depth': 5, 'max_features': 250, 'n_estimators': 100}",0.796875,0.7421875,0.7265625,0.7578125,0.78125,0.7609375,0.02548360379734389,84
0.7217596054077149,0.21993898446112525,0.008844327926635743,0.001073261844931147,gini,5,250,200,"{'criterion': 'gini', 'max_depth': 5, 'max_features': 250, 'n_estimators': 200}",0.7890625,0.7421875,0.7890625,0.7578125,0.796875,0.775,0.021194781197266463,51
0.2424349308013916,0.0027435255362233224,0.004184913635253906,0.00039913914591733265,gini,5,500,50,"{'criterion': 'gini', 'max_depth': 5, 'max_features': 500, 'n_estimators': 50}",0.75,0.7421875,0.7421875,0.734375,0.765625,0.746875,0.010597390598633231,132
0.46395244598388674,0.003207685752131845,0.0049835205078125,5.761645304486548e-07,gini,5,500,100,"{'criterion': 'gini', 'max_depth': 5, 'max_features': 500, 'n_estimators': 100}",0.8046875,0.7265625,0.78125,0.7890625,0.7265625,0.765625,0.03277527650531724,71
0.9330741405487061,0.029926753295829816,0.007541370391845703,0.0004648894620183474,gini,5,500,200,"{'criterion': 'gini', 'max_depth': 5, 'max_features': 500, 'n_estimators': 200}",0.8125,0.78125,0.765625,0.765625,0.8046875,0.7859375,0.019515618744994995,29
0.39822893142700194,0.002571813993672828,0.004386281967163086,0.0004891260576235487,gini,5,1000,50,"{'criterion': 'gini', 'max_depth': 5, 'max_features': 1000, 'n_estimators': 50}",0.71875,0.7421875,0.765625,0.703125,0.7265625,0.73125,0.0213096589015404,193
0.8485522747039795,0.08288774864426346,0.0057796001434326175,0.0007443404151834186,gini,5,1000,100,"{'criterion': 'gini', 'max_depth': 5, 'max_features': 1000, 'n_estimators': 100}",0.765625,0.7421875,0.7265625,0.75,0.734375,0.74375,0.013441133229754104,142
1.6902736186981202,0.042083077175185876,0.007774448394775391,0.00039916404498692643,gini,5,1000,200,"{'criterion': 'gini', 'max_depth': 5, 'max_features': 1000, 'n_estimators': 200}",0.765625,0.71875,0.734375,0.7578125,0.7421875,0.74375,0.016682934768798924,142
0.7949613094329834,0.08408596830497242,0.0049841880798339845,0.0006272828683058279,gini,5,2000,50,"{'criterion': 'gini', 'max_depth': 5, 'max_features': 2000, 'n_estimators': 50}",0.7578125,0.734375,0.703125,0.75,0.7109375,0.73125,0.0213096589015404,193
1.4965600490570068,0.10876651116509883,0.006022739410400391,5.30776520372868e-05,gini,5,2000,100,"{'criterion': 'gini', 'max_depth': 5, 'max_features': 2000, 'n_estimators': 100}",0.7734375,0.7109375,0.71875,0.7890625,0.7265625,0.74375,0.03140586131600278,142
2.748994159698486,0.15307644442351634,0.007774543762207031,0.0003992093218817003,gini,5,2000,200,"{'criterion': 'gini', 'max_depth': 5, 'max_features': 2000, 'n_estimators': 200}",0.8046875,0.734375,0.671875,0.7265625,0.7265625,0.7328125,0.0423319287004502,187
0.960307502746582,0.012415681788671435,0.00438532829284668,0.0004884419837908173,gini,5,3000,50,"{'criterion': 'gini', 'max_depth': 5, 'max_features': 3000, 'n_estimators': 50}",0.71875,0.7109375,0.734375,0.7734375,0.671875,0.721875,0.03299798762803574,229
1.8618438243865967,0.016655518418793706,0.005182456970214844,0.00039925693426136143,gini,5,3000,100,"{'criterion': 'gini', 'max_depth': 5, 'max_features': 3000, 'n_estimators': 100}",0.7265625,0.734375,0.671875,0.734375,0.765625,0.7265625,0.03045873232752801,211
3.7088191986083983,0.022912742490097438,0.007774162292480469,0.0003984214123742873,gini,5,3000,200,"{'criterion': 'gini', 'max_depth': 5, 'max_features': 3000, 'n_estimators': 200}",0.7734375,0.703125,0.6875,0.7578125,0.7109375,0.7265625,0.03314563036811941,211
1.1858376026153565,0.016404914230866742,0.0049835205078125,4.422005889652111e-07,gini,5,4000,50,"{'criterion': 'gini', 'max_depth': 5, 'max_features': 4000, 'n_estimators': 50}",0.7578125,0.71875,0.6953125,0.703125,0.703125,0.715625,0.02242609389751144,249
2.3715234279632567,0.028828979195804513,0.005779647827148437,0.00039823367509803694,gini,5,4000,100,"{'criterion': 'gini', 'max_depth': 5, 'max_features': 4000, 'n_estimators': 100}",0.7421875,0.7265625,0.6796875,0.7109375,0.71875,0.715625,0.020728904939721248,249
4.702385139465332,0.047799066300644934,0.00737605094909668,0.0004873727984637327,gini,5,4000,200,"{'criterion': 'gini', 'max_depth': 5, 'max_features': 4000, 'n_estimators': 200}",0.7421875,0.6953125,0.671875,0.7578125,0.6953125,0.7125,0.032173844190584375,256
1.4570328712463378,0.022883416971630675,0.0045849323272705075,0.0004883442173158426,gini,5,5000,50,"{'criterion': 'gini', 'max_depth': 5, 'max_features': 5000, 'n_estimators': 50}",0.7265625,0.734375,0.65625,0.703125,0.671875,0.6984375,0.030297999108852055,278
2.8283456325531007,0.02737340073984897,0.005189418792724609,0.0003960238098769465,gini,5,5000,100,"{'criterion': 'gini', 'max_depth': 5, 'max_features': 5000, 'n_estimators': 100}",0.7265625,0.7265625,0.703125,0.7421875,0.6796875,0.715625,0.021875000000000002,249
5.629311561584473,0.06324695542883739,0.007772493362426758,0.0003983065737234619,gini,5,5000,200,"{'criterion': 'gini', 'max_depth': 5, 'max_features': 5000, 'n_estimators': 200}",0.7578125,0.7109375,0.6640625,0.7578125,0.703125,0.71875,0.035630482034348064,237
2.3129811763763426,0.03889303497476516,0.004186439514160156,0.00039897006344742484,gini,5,8829,50,"{'criterion': 'gini', 'max_depth': 5, 'max_features': 8829, 'n_estimators': 50}",0.7421875,0.6875,0.65625,0.75,0.6875,0.7046875,0.03576725981956124,269
4.6909996509552006,0.16573147062511714,0.005581474304199219,0.0004882079400968259,gini,5,8829,100,"{'criterion': 'gini', 'max_depth': 5, 'max_features': 8829, 'n_estimators': 100}",0.71875,0.71875,0.6875,0.7421875,0.6953125,0.7125,0.01939011507186071,256
9.425402164459229,0.3414128241892967,0.007812833786010743,0.0004247543946025467,gini,5,8829,200,"{'criterion': 'gini', 'max_depth': 5, 'max_features': 8829, 'n_estimators': 200}",0.7421875,0.7421875,0.6796875,0.7265625,0.7109375,0.7203125,0.023385358667337132,233
0.06083526611328125,0.0011290989864898159,0.00478515625,0.00039904429192405284,gini,7,10,50,"{'criterion': 'gini', 'max_depth': 7, 'max_features': 10, 'n_estimators': 50}",0.6875,0.7265625,0.75,0.6640625,0.6875,0.703125,0.030856902590830466,271
0.10234885215759278,0.0014779919623062175,0.005784130096435547,0.00038856048326622227,gini,7,10,100,"{'criterion': 'gini', 'max_depth': 7, 'max_features': 10, 'n_estimators': 100}",0.75,0.6796875,0.7109375,0.6640625,0.7109375,0.703125,0.029646353064078555,271
0.18266196250915528,0.002125149422762399,0.008372020721435548,0.0010184983230554475,gini,7,10,200,"{'criterion': 'gini', 'max_depth': 7, 'max_features': 10, 'n_estimators': 200}",0.8125,0.78125,0.734375,0.7265625,0.8515625,0.78125,0.047134697278119864,39
0.06318955421447754,0.00048702214088561534,0.004584312438964844,0.00048822739330196585,gini,7,15,50,"{'criterion': 'gini', 'max_depth': 7, 'max_features': 15, 'n_estimators': 50}",0.6953125,0.6953125,0.7109375,0.7109375,0.703125,0.703125,0.006987712429686843,271
0.10691270828247071,0.002210992623017517,0.005581521987915039,0.0004896132408147549,gini,7,15,100,"{'criterion': 'gini', 'max_depth': 7, 'max_features': 15, 'n_estimators': 100}",0.78125,0.8203125,0.7734375,0.7109375,0.78125,0.7734375,0.03528621809573817,56
0.19506478309631348,0.0026022188580146015,0.007974720001220703,1.5273682954833e-06,gini,7,15,200,"{'criterion': 'gini', 'max_depth': 7, 'max_features': 15, 'n_estimators': 200}",0.8203125,0.828125,0.75,0.7578125,0.8203125,0.7953125,0.03401803290168319,12
0.06960372924804688,0.001110275480609354,0.004783201217651367,0.0003979558026319117,gini,7,25,50,"{'criterion': 'gini', 'max_depth': 7, 'max_features': 25, 'n_estimators': 50}",0.7265625,0.7421875,0.7265625,0.703125,0.7890625,0.7375,0.028641098093474003,172
0.11999750137329102,0.0018471147696429808,0.005582952499389648,0.0004896120333876761,gini,7,25,100,"{'criterion': 'gini', 'max_depth': 7, 'max_features': 25, 'n_estimators': 100}",0.7421875,0.734375,0.7578125,0.734375,0.765625,0.746875,0.012693810007243688,132
0.21890339851379395,0.0029205653888539625,0.008371686935424805,0.0004917527682175668,gini,7,25,200,"{'criterion': 'gini', 'max_depth': 7, 'max_features': 25, 'n_estimators': 200}",0.8125,0.7421875,0.796875,0.7734375,0.828125,0.790625,0.03021731188408393,20
0.0859616756439209,0.0003840153692228641,0.0045814037322998045,0.00048569162516167114,gini,7,50,50,"{'criterion': 'gini', 'max_depth': 7, 'max_features': 50, 'n_estimators': 50}",0.796875,0.78125,0.703125,0.7109375,0.7890625,0.75625,0.040564859330459904,99
0.15110349655151367,0.0014771344778390556,0.005583333969116211,0.0004899244672984682,gini,7,50,100,"{'criterion': 'gini', 'max_depth': 7, 'max_features': 50, 'n_estimators': 100}",0.78125,0.78125,0.765625,0.7109375,0.8046875,0.76875,0.031483502624390446,66
0.2848033905029297,0.004559952108338101,0.00817408561706543,0.0003984489812797157,gini,7,50,200,"{'criterion': 'gini', 'max_depth': 7, 'max_features': 50, 'n_estimators': 200}",0.828125,0.765625,0.8125,0.7578125,0.8515625,0.803125,0.036106937525910446,5
0.11468095779418945,0.001185071047629341,0.004385662078857422,0.0004881692782181083,gini,7,100,50,"{'criterion': 'gini', 'max_depth': 7, 'max_features': 100, 'n_estimators': 50}",0.7265625,0.75,0.71875,0.7109375,0.78125,0.7375,0.025483603797343893,172
0.20753660202026367,0.001774730004991212,0.005181074142456055,0.00039768421963875855,gini,7,100,100,"{'criterion': 'gini', 'max_depth': 7, 'max_features': 100, 'n_estimators': 100}",0.796875,0.7578125,0.7734375,0.71875,0.7421875,0.7578125,0.02660841619676,94
0.405355167388916,0.003319015068243095,0.007973766326904297,0.0006307516711697278,gini,7,100,200,"{'criterion': 'gini', 'max_depth': 7, 'max_features': 100, 'n_estimators': 200}",0.796875,0.78125,0.765625,0.78125,0.8046875,0.7859375,0.013621559198564604,29
0.19019269943237305,0.0007554936517003749,0.0045868873596191405,0.00048780337340094084,gini,7,250,50,"{'criterion': 'gini', 'max_depth': 7, 'max_features': 250, 'n_estimators': 50}",0.75,0.7734375,0.734375,0.7265625,0.7890625,0.7546875,0.02348952559120767,103
0.367435884475708,0.0013269189599067273,0.0058115959167480465,0.0004134486306838104,gini,7,250,100,"{'criterion': 'gini', 'max_depth': 7, 'max_features': 250, 'n_estimators': 100}",0.8125,0.7421875,0.765625,0.734375,0.7421875,0.759375,0.028555729503901665,90
0.719733715057373,0.0017481488072089335,0.008422183990478515,0.0005571176560992643,gini,7,250,200,"{'criterion': 'gini', 'max_depth': 7, 'max_features': 250, 'n_estimators': 200}",0.84375,0.765625,0.765625,0.734375,0.84375,0.790625,0.04485218779502288,20
0.3112344741821289,0.003684789973092638,0.004585886001586914,0.0004874790389253005,gini,7,500,50,"{'criterion': 'gini', 'max_depth': 7, 'max_features': 500, 'n_estimators': 50}",0.8125,0.7265625,0.7265625,0.7421875,0.75,0.7515625,0.031792171795899694,111
0.5996881484985351,0.00491382048372249,0.005779886245727539,0.0003982347313641642,gini,7,500,100,"{'criterion': 'gini', 'max_depth': 7, 'max_features': 500, 'n_estimators': 100}",0.84375,0.7734375,0.703125,0.71875,0.75,0.7578125,0.04941058844013093,94
1.1766448020935059,0.008824718360502498,0.008371400833129882,0.0004890662222182417,gini,7,500,200,"{'criterion': 'gini', 'max_depth': 7, 'max_features': 500, 'n_estimators': 200}",0.8046875,0.765625,0.7578125,0.7578125,0.7421875,0.765625,0.02096313728906053,71
0.5141647338867188,0.007409400764877137,0.004386758804321289,0.000488348035231125,gini,7,1000,50,"{'criterion': 'gini', 'max_depth': 7, 'max_features': 1000, 'n_estimators': 50}",0.765625,0.7109375,0.703125,0.734375,0.7421875,0.73125,0.02242609389751144,193
1.0049401760101317,0.009402783319473177,0.005581521987915039,0.0004884413786299774,gini,7,1000,100,"{'criterion': 'gini', 'max_depth': 7, 'max_features': 1000, 'n_estimators': 100}",0.765625,0.7421875,0.75,0.7578125,0.703125,0.74375,0.021763106683100185,142
2.328126573562622,0.2132622606587657,0.00817122459411621,0.0009752150712376343,gini,7,1000,200,"{'criterion': 'gini', 'max_depth': 7, 'max_features': 1000, 'n_estimators': 200}",0.7578125,0.7421875,0.7421875,0.7890625,0.734375,0.753125,0.019515618744994995,107
1.1463146209716797,0.05848168606676232,0.005781221389770508,0.0007456010731774863,gini,7,2000,50,"{'criterion': 'gini', 'max_depth': 7, 'max_features': 2000, 'n_estimators': 50}",0.7734375,0.6953125,0.71875,0.7890625,0.7109375,0.7375,0.03684320663297374,172
2.351527214050293,0.057940820229611945,0.006981563568115234,0.002090885230361878,gini,7,2000,100,"{'criterion': 'gini', 'max_depth': 7, 'max_features': 2000, 'n_estimators': 100}",0.7890625,0.7421875,0.7265625,0.703125,0.7421875,0.740625,0.028125,163
4.653081464767456,0.08121254002469215,0.008983993530273437,0.0015705814341663443,gini,7,2000,200,"{'criterion': 'gini', 'max_depth': 7, 'max_features': 2000, 'n_estimators': 200}",0.7890625,0.734375,0.71875,0.75,0.765625,0.7515625,0.024407030237208294,111
1.692856216430664,0.07045136835252575,0.006197118759155273,0.0014870943757419395,gini,7,3000,50,"{'criterion': 'gini', 'max_depth': 7, 'max_features': 3000, 'n_estimators': 50}",0.78125,0.7265625,0.6953125,0.734375,0.6953125,0.7265625,0.03163821364268216,211
3.2733131885528564,0.12615174340467927,0.008175897598266601,0.0019330958480241302,gini,7,3000,100,"{'criterion': 'gini', 'max_depth': 7, 'max_features': 3000, 'n_estimators': 100}",0.7578125,0.75,0.703125,0.703125,0.7265625,0.728125,0.022857404434887176,205
5.997227764129638,0.06451527460591491,0.009205436706542969,0.0009955963815653347,gini,7,3000,200,"{'criterion': 'gini', 'max_depth': 7, 'max_features': 3000, 'n_estimators': 200}",0.7734375,0.7265625,0.703125,0.734375,0.7265625,0.7328125,0.022857404434887176,187
1.8850602149963378,0.08392701953230931,0.004609155654907227,0.0004586716280180345,gini,7,4000,50,"{'criterion': 'gini', 'max_depth': 7, 'max_features': 4000, 'n_estimators': 50}",0.6953125,0.703125,0.671875,0.765625,0.6953125,0.70625,0.031483502624390446,268
3.6585546493530274,0.17524759135699858,0.008364725112915038,0.0030595746303997257,gini,7,4000,100,"{'criterion': 'gini', 'max_depth': 7, 'max_features': 4000, 'n_estimators': 100}",0.765625,0.7578125,0.703125,0.765625,0.703125,0.7390625,0.029481191037676886,169
7.29531192779541,0.11749447350047859,0.008172702789306641,0.0007457922240394373,gini,7,4000,200,"{'criterion': 'gini', 'max_depth': 7, 'max_features': 4000, 'n_estimators': 200}",0.78125,0.734375,0.671875,0.78125,0.71875,0.7375,0.04122158111960287,172
2.1735318183898924,0.061381334457729406,0.004587888717651367,0.0004922328571851822,gini,7,5000,50,"{'criterion': 'gini', 'max_depth': 7, 'max_features': 5000, 'n_estimators': 50}",0.7421875,0.7265625,0.6796875,0.7421875,0.7421875,0.7265625,0.024206145913796356,211
4.47018871307373,0.21595690180857957,0.0075743675231933595,0.0032495407450132004,gini,7,5000,100,"{'criterion': 'gini', 'max_depth': 7, 'max_features': 5000, 'n_estimators': 100}",0.7578125,0.7265625,0.671875,0.765625,0.71875,0.728125,0.033292618363535184,205
9.341861152648926,0.3790582297871253,0.009168004989624024,0.0011629832732049361,gini,7,5000,200,"{'criterion': 'gini', 'max_depth': 7, 'max_features': 5000, 'n_estimators': 200}",0.7421875,0.734375,0.671875,0.734375,0.703125,0.7171875,0.02633171804117612,244
4.009645891189575,0.1794477288616116,0.005576515197753906,0.0016241779090871464,gini,7,8829,50,"{'criterion': 'gini', 'max_depth': 7, 'max_features': 8829, 'n_estimators': 50}",0.78125,0.6875,0.671875,0.75,0.6953125,0.7171875,0.041457809879442496,244
8.062732315063476,0.17417978672694698,0.006578207015991211,0.001196026843649005,gini,7,8829,100,"{'criterion': 'gini', 'max_depth': 7, 'max_features': 8829, 'n_estimators': 100}",0.75,0.6875,0.703125,0.7109375,0.7421875,0.71875,0.023696485762661094,237
16.186419916152953,0.19968093925856187,0.011373186111450195,0.0014882967378089399,gini,7,8829,200,"{'criterion': 'gini', 'max_depth': 7, 'max_features': 8829, 'n_estimators': 200}",0.7265625,0.7578125,0.6640625,0.765625,0.7109375,0.725,0.03644344934278313,220
0.08242759704589844,0.01577115430577981,0.0077745914459228516,0.0034759111222503578,gini,10,10,50,"{'criterion': 'gini', 'max_depth': 10, 'max_features': 10, 'n_estimators': 50}",0.703125,0.6484375,0.75,0.6328125,0.6875,0.684375,0.04151665704870757,293
0.1491852283477783,0.025239600687533285,0.008769798278808593,0.0031770278059584985,gini,10,10,100,"{'criterion': 'gini', 'max_depth': 10, 'max_features': 10, 'n_estimators': 100}",0.734375,0.703125,0.703125,0.7421875,0.71875,0.7203125,0.015934435979977454,233
0.2700615406036377,0.008171879735118166,0.010764741897583007,0.002628805781369626,gini,10,10,200,"{'criterion': 'gini', 'max_depth': 10, 'max_features': 10, 'n_estimators': 200}",0.8125,0.7265625,0.84375,0.7890625,0.78125,0.790625,0.03871722404176209,20
0.09892988204956055,0.012795450087319225,0.008775901794433594,0.0022096396077802,gini,10,15,50,"{'criterion': 'gini', 'max_depth': 10, 'max_features': 15, 'n_estimators': 50}",0.7734375,0.6875,0.671875,0.734375,0.7265625,0.71875,0.03597145135381668,237
0.15487961769104003,0.023476387512560443,0.0071736335754394535,0.0014646736387109063,gini,10,15,100,"{'criterion': 'gini', 'max_depth': 10, 'max_features': 15, 'n_estimators': 100}",0.7421875,0.6953125,0.765625,0.7265625,0.78125,0.7421875,0.030055287596361478,154
0.30573458671569825,0.020308691336083158,0.015797996520996095,0.0062512495302729084,gini,10,15,200,"{'criterion': 'gini', 'max_depth': 10, 'max_features': 15, 'n_estimators': 200}",0.8046875,0.75,0.8046875,0.7578125,0.84375,0.7921875,0.03444594950788844,19
0.09632272720336914,0.007918144937003069,0.008173227310180664,0.003238738516330506,gini,10,25,50,"{'criterion': 'gini', 'max_depth': 10, 'max_features': 25, 'n_estimators': 50}",0.71875,0.75,0.703125,0.71875,0.734375,0.725,0.015934435979977454,220
0.19016714096069337,0.016405575736872857,0.010167646408081054,0.004432774926290435,gini,10,25,100,"{'criterion': 'gini', 'max_depth': 10, 'max_features': 25, 'n_estimators': 100}",0.8125,0.8046875,0.7578125,0.78125,0.8125,0.79375,0.0213096589015404,16
0.3221754550933838,0.02980331898678519,0.010180091857910157,0.001602039392623527,gini,10,25,200,"{'criterion': 'gini', 'max_depth': 10, 'max_features': 25, 'n_estimators': 200}",0.8203125,0.78125,0.7578125,0.8203125,0.8203125,0.8,0.025958199571618983,8
0.1514908790588379,0.018151902776994116,0.0093719482421875,0.003816147857474,gini,10,50,50,"{'criterion': 'gini', 'max_depth': 10, 'max_features': 50, 'n_estimators': 50}",0.796875,0.734375,0.78125,0.7109375,0.8203125,0.76875,0.04032339968926231,66
0.2576015472412109,0.03321364218741197,0.008591270446777344,0.0035603196754896856,gini,10,50,100,"{'criterion': 'gini', 'max_depth': 10, 'max_features': 50, 'n_estimators': 100}",0.8359375,0.796875,0.7734375,0.765625,0.828125,0.8,0.028211672008230916,8
0.4898820400238037,0.07002130592661507,0.013170862197875976,0.003639958529256387,gini,10,50,200,"{'criterion': 'gini', 'max_depth': 10, 'max_features': 50, 'n_estimators': 200}",0.8125,0.78125,0.78125,0.7421875,0.8046875,0.784375,0.024506854908372067,36
0.18620772361755372,0.02383737568465102,0.005382061004638672,0.001352332206460615,gini,10,100,50,"{'criterion': 'gini', 'max_depth': 10, 'max_features': 100, 'n_estimators': 50}",0.796875,0.7734375,0.7265625,0.7578125,0.7265625,0.75625,0.027243118397129208,99
0.35287275314331057,0.02314392206762001,0.008778762817382813,0.0027736070839667606,gini,10,100,100,"{'criterion': 'gini', 'max_depth': 10, 'max_features': 100, 'n_estimators': 100}",0.8359375,0.7734375,0.765625,0.7890625,0.8203125,0.796875,0.027063293868263706,11
0.6567668914794922,0.059693507501137104,0.015376710891723632,0.005776693452026707,gini,10,100,200,"{'criterion': 'gini', 'max_depth': 10, 'max_features': 100, 'n_estimators': 200}",0.8203125,0.78125,0.8125,0.7890625,0.8203125,0.8046875,0.01638763825265862,2
0.31882481575012206,0.029897151301597525,0.00597834587097168,0.002522288313304161,gini,10,250,50,"{'criterion': 'gini', 'max_depth': 10, 'max_features': 250, 'n_estimators': 50}",0.7890625,0.71875,0.7578125,0.7890625,0.8203125,0.775,0.034374999999999996,51
0.6208829402923584,0.04291902072083606,0.008966684341430664,0.003776353917651615,gini,10,250,100,"{'criterion': 'gini', 'max_depth': 10, 'max_features': 250, 'n_estimators': 100}",0.8046875,0.765625,0.75,0.78125,0.8046875,0.78125,0.02153757617514097,39
1.1937732696533203,0.056300820728415184,0.011770820617675782,0.003168972853210419,gini,10,250,200,"{'criterion': 'gini', 'max_depth': 10, 'max_features': 250, 'n_estimators': 200}",0.8515625,0.765625,0.7734375,0.7734375,0.8125,0.7953125,0.03255104164999947,12
0.5524618625640869,0.04188835526143031,0.007611846923828125,0.0025986600365689038,gini,10,500,50,"{'criterion': 'gini', 'max_depth': 10, 'max_features': 500, 'n_estimators': 50}",0.765625,0.7265625,0.75,0.765625,0.7421875,0.75,0.014823176532039278,115
0.9739325046539307,0.06528156766421445,0.00817112922668457,0.002128688035405498,gini,10,500,100,"{'criterion': 'gini', 'max_depth': 10, 'max_features': 500, 'n_estimators': 100}",0.8203125,0.78125,0.765625,0.765625,0.7734375,0.78125,0.020372507516258277,39
1.9841922283172608,0.02629956898802907,0.01817145347595215,0.006503723701878873,gini,10,500,200,"{'criterion': 'gini', 'max_depth': 10, 'max_features': 500, 'n_estimators': 200}",0.8359375,0.78125,0.75,0.78125,0.7890625,0.7875,0.02768757054167086,27
0.8269440174102783,0.01913473048841769,0.006769371032714844,0.0024824761961095795,gini,10,1000,50,"{'criterion': 'gini', 'max_depth': 10, 'max_features': 1000, 'n_estimators': 50}",0.8125,0.7265625,0.71875,0.75,0.734375,0.7484375,0.033657280044590655,124
1.681889295578003,0.06284772346303688,0.010970163345336913,0.00388819266753982,gini,10,1000,100,"{'criterion': 'gini', 'max_depth': 10, 'max_features': 1000, 'n_estimators': 100}",0.8046875,0.7578125,0.7421875,0.7734375,0.796875,0.775,0.023385358667337132,51
3.4120906829833983,0.14619575069070873,0.010167074203491212,0.0014641700113519846,gini,10,1000,200,"{'criterion': 'gini', 'max_depth': 10, 'max_features': 1000, 'n_estimators': 200}",0.8125,0.734375,0.75,0.7890625,0.765625,0.7703125,0.027775607554111213,62
1.4943749904632568,0.08048930501095165,0.005993843078613281,0.0006169498563060393,gini,10,2000,50,"{'criterion': 'gini', 'max_depth': 10, 'max_features': 2000, 'n_estimators': 50}",0.7890625,0.7578125,0.703125,0.7734375,0.6953125,0.74375,0.03775951866748304,142
2.5682297229766844,0.3154237067562347,0.00837116241455078,0.0007965937496963731,gini,10,2000,100,"{'criterion': 'gini', 'max_depth': 10, 'max_features': 2000, 'n_estimators': 100}",0.7890625,0.7421875,0.7265625,0.7421875,0.75,0.75,0.02096313728906053,115
6.11958417892456,0.26245022937558127,0.011958885192871093,0.0006300741591072104,gini,10,2000,200,"{'criterion': 'gini', 'max_depth': 10, 'max_features': 2000, 'n_estimators': 200}",0.796875,0.7734375,0.734375,0.7734375,0.7421875,0.7640625,0.022857404434887176,74
2.1473271369934084,0.04455186449896288,0.007775306701660156,0.0013210847002797885,gini,10,3000,50,"{'criterion': 'gini', 'max_depth': 10, 'max_features': 3000, 'n_estimators': 50}",0.734375,0.78125,0.6875,0.7578125,0.671875,0.7265625,0.04133986423538423,211
4.367587423324585,0.08484764920744,0.009169673919677735,0.0031133786848651776,gini,10,3000,100,"{'criterion': 'gini', 'max_depth': 10, 'max_features': 3000, 'n_estimators': 100}",0.7578125,0.71875,0.7109375,0.7578125,0.7265625,0.734375,0.01976423537605237,183
8.53796329498291,0.10519008309907567,0.013155508041381835,0.0009760068825301322,gini,10,3000,200,"{'criterion': 'gini', 'max_depth': 10, 'max_features': 3000, 'n_estimators': 200}",0.7578125,0.75,0.6953125,0.7734375,0.734375,0.7421875,0.02660841619676,154
2.7059568405151366,0.046526541791578474,0.006804561614990235,0.0011683076007929542,gini,10,4000,50,"{'criterion': 'gini', 'max_depth': 10, 'max_features': 4000, 'n_estimators': 50}",0.78125,0.6875,0.65625,0.734375,0.7734375,0.7265625,0.04841229182759271,211
5.405559110641479,0.09324648769394266,0.008770513534545898,0.000745728731042239,gini,10,4000,100,"{'criterion': 'gini', 'max_depth': 10, 'max_features': 4000, 'n_estimators': 100}",0.7734375,0.7734375,0.6953125,0.7734375,0.7265625,0.7484375,0.032173844190584375,124
10.752117395401001,0.0848196936279032,0.011561393737792969,0.0010159987468294196,gini,10,4000,200,"{'criterion': 'gini', 'max_depth': 10, 'max_features': 4000, 'n_estimators': 200}",0.7734375,0.7578125,0.6953125,0.765625,0.7421875,0.746875,0.027775607554111213,132
3.232649898529053,0.06002612733228898,0.006179952621459961,0.0009765747305171234,gini,10,5000,50,"{'criterion': 'gini', 'max_depth': 10, 'max_features': 5000, 'n_estimators': 50}",0.75,0.7578125,0.7109375,0.75,0.734375,0.740625,0.016682934768798924,163
6.4018560409545895,0.11130906147323803,0.008989286422729493,0.0010921098922865996,gini,10,5000,100,"{'criterion': 'gini', 'max_depth': 10, 'max_features': 5000, 'n_estimators': 100}",0.7578125,0.7265625,0.6796875,0.7421875,0.7109375,0.7234375,0.026882266459508208,226
12.914859056472778,0.09570461411441009,0.011960697174072266,0.0020914874613950077,gini,10,5000,200,"{'criterion': 'gini', 'max_depth': 10, 'max_features': 5000, 'n_estimators': 200}",0.78125,0.78125,0.6953125,0.7578125,0.734375,0.75,0.03240068961457456,115
5.239468002319336,0.014176814798989782,0.00697784423828125,0.000890418920249841,gini,10,8829,50,"{'criterion': 'gini', 'max_depth': 10, 'max_features': 8829, 'n_estimators': 50}",0.7578125,0.7421875,0.7109375,0.7890625,0.7421875,0.7484375,0.025387620014487376,124
9.72597632408142,0.7448550641548355,0.008571004867553711,0.0018486761424455524,gini,10,8829,100,"{'criterion': 'gini', 'max_depth': 10, 'max_features': 8829, 'n_estimators': 100}",0.734375,0.75,0.6796875,0.734375,0.734375,0.7265625,0.024206145913796356,211
18.563909435272215,1.205381880409047,0.010964298248291015,0.0010900123073293608,gini,10,8829,200,"{'criterion': 'gini', 'max_depth': 10, 'max_features': 8829, 'n_estimators': 200}",0.8125,0.7734375,0.6796875,0.78125,0.7421875,0.7578125,0.04501518840902479,94
0.07555551528930664,0.0037163777354903144,0.0067779541015625,0.002128174059175894,entropy,3,10,50,"{'criterion': 'entropy', 'max_depth': 3, 'max_features': 10, 'n_estimators': 50}",0.6796875,0.625,0.5703125,0.65625,0.6484375,0.6359375,0.03717305391678225,311
0.12753334045410156,0.003417837941910875,0.007773971557617188,0.0017134184211386357,entropy,3,10,100,"{'criterion': 'entropy', 'max_depth': 3, 'max_features': 10, 'n_estimators': 100}",0.6328125,0.59375,0.640625,0.6640625,0.7421875,0.6546875,0.04926213365760765,309
0.23663487434387206,0.009485074531144685,0.010367727279663086,0.00048795885007351487,entropy,3,10,200,"{'criterion': 'entropy', 'max_depth': 3, 'max_features': 10, 'n_estimators': 200}",0.6953125,0.6796875,0.7421875,0.71875,0.7578125,0.71875,0.028811076429040273,237
0.0786407470703125,0.001447902784125192,0.006976032257080078,0.003023686942263405,entropy,3,15,50,"{'criterion': 'entropy', 'max_depth': 3, 'max_features': 15, 'n_estimators': 50}",0.6640625,0.6953125,0.625,0.6953125,0.6640625,0.66875,0.025958199571618983,305
0.1368269920349121,0.005277553840970295,0.006977558135986328,0.0006290931079247298,entropy,3,15,100,"{'criterion': 'entropy', 'max_depth': 3, 'max_features': 15, 'n_estimators': 100}",0.71875,0.734375,0.765625,0.7421875,0.703125,0.7328125,0.021194781197266466,187
0.23968095779418946,0.013580381820245416,0.009965848922729493,0.0010908401953203756,entropy,3,15,200,"{'criterion': 'entropy', 'max_depth': 3, 'max_features': 15, 'n_estimators': 200}",0.75,0.71875,0.6796875,0.75,0.7578125,0.73125,0.029064180058966053,193
0.07893967628479004,0.0031757376859846225,0.005381059646606445,0.00048778218790177235,entropy,3,25,50,"{'criterion': 'entropy', 'max_depth': 3, 'max_features': 25, 'n_estimators': 50}",0.734375,0.6484375,0.703125,0.6640625,0.7421875,0.6984375,0.037173053916782245,278
0.14490714073181152,0.007989050459089262,0.006778335571289063,0.0007493125158100514,entropy,3,25,100,"{'criterion': 'entropy', 'max_depth': 3, 'max_features': 25, 'n_estimators': 100}",0.78125,0.625,0.6953125,0.7109375,0.7265625,0.7078125,0.05053425508998821,267
0.2650900840759277,0.018682184880684797,0.010564613342285156,0.0013526326495824177,entropy,3,25,200,"{'criterion': 'entropy', 'max_depth': 3, 'max_features': 25, 'n_estimators': 200}",0.7890625,0.7421875,0.734375,0.671875,0.78125,0.74375,0.041751216299648085,142
0.09204034805297852,0.0018180209527157612,0.005582189559936524,0.00048675425467318277,entropy,3,50,50,"{'criterion': 'entropy', 'max_depth': 3, 'max_features': 50, 'n_estimators': 50}",0.7109375,0.734375,0.6640625,0.625,0.625,0.671875,0.044469529596117836,302
0.1677757740020752,0.004677555987686395,0.009766483306884765,0.005582142045259892,entropy,3,50,100,"{'criterion': 'entropy', 'max_depth': 3, 'max_features': 50, 'n_estimators': 100}",0.8046875,0.6953125,0.6875,0.765625,0.7890625,0.7484375,0.04826076628587656,124
0.3000340461730957,0.0051136476250718795,0.010366296768188477,0.00048785961189331476,entropy,3,50,200,"{'criterion': 'entropy', 'max_depth': 3, 'max_features': 50, 'n_estimators': 200}",0.75,0.734375,0.7734375,0.734375,0.8203125,0.7625,0.032249636625859834,78
0.11046714782714843,0.0009888455495450613,0.005980253219604492,0.0010917963717591477,entropy,3,100,50,"{'criterion': 'entropy', 'max_depth': 3, 'max_features': 100, 'n_estimators': 50}",0.765625,0.703125,0.7890625,0.5859375,0.7578125,0.7203125,0.0728533951679673,233
0.20027289390563965,0.005773531253621609,0.006975793838500976,1.621246337890625e-06,entropy,3,100,100,"{'criterion': 'entropy', 'max_depth': 3, 'max_features': 100, 'n_estimators': 100}",0.796875,0.734375,0.765625,0.7109375,0.7421875,0.75,0.029231698334171417,115
0.3799141883850098,0.002543152745178102,0.010368442535400391,0.00048582613242901623,entropy,3,100,200,"{'criterion': 'entropy', 'max_depth': 3, 'max_features': 100, 'n_estimators': 200}",0.8046875,0.7890625,0.796875,0.7421875,0.796875,0.7859375,0.02242609389751144,29
0.16937789916992188,0.007733660709546632,0.005581426620483399,0.00048642025988431654,entropy,3,250,50,"{'criterion': 'entropy', 'max_depth': 3, 'max_features': 250, 'n_estimators': 50}",0.7265625,0.78125,0.765625,0.7578125,0.7734375,0.7609375,0.018879759333741516,84
0.3176421642303467,0.004607477476396422,0.007469654083251953,0.00044612765770730067,entropy,3,250,100,"{'criterion': 'entropy', 'max_depth': 3, 'max_features': 250, 'n_estimators': 100}",0.7890625,0.734375,0.734375,0.7109375,0.7109375,0.7359375,0.028555729503901665,180
0.6065741539001465,0.007565328457145025,0.00956897735595703,0.0013519251117809082,entropy,3,250,200,"{'criterion': 'entropy', 'max_depth': 3, 'max_features': 250, 'n_estimators': 200}",0.78125,0.78125,0.796875,0.765625,0.765625,0.778125,0.011692679333668566,45
0.2618968963623047,0.005685479601983995,0.0055828094482421875,0.0004863890944707153,entropy,3,500,50,"{'criterion': 'entropy', 'max_depth': 3, 'max_features': 500, 'n_estimators': 50}",0.7890625,0.65625,0.7578125,0.6953125,0.703125,0.7203125,0.04723817643072179,233
0.4945381164550781,0.010425162960047479,0.006809091567993164,0.0007143625499901316,entropy,3,500,100,"{'criterion': 'entropy', 'max_depth': 3, 'max_features': 500, 'n_estimators': 100}",0.796875,0.703125,0.765625,0.7890625,0.7265625,0.75625,0.036106937525910446,99
0.9715484619140625,0.010117372787015126,0.010365819931030274,0.0004891342622809183,entropy,3,500,200,"{'criterion': 'entropy', 'max_depth': 3, 'max_features': 500, 'n_estimators': 200}",0.765625,0.765625,0.7578125,0.71875,0.7421875,0.75,0.017815241017174032,115
0.42198739051818845,0.0026117124907053596,0.005979156494140625,0.0010916235530974469,entropy,3,1000,50,"{'criterion': 'entropy', 'max_depth': 3, 'max_features': 1000, 'n_estimators': 50}",0.6953125,0.640625,0.6875,0.703125,0.7421875,0.69375,0.03255104164999946,282
0.8178276538848877,0.025024321186479192,0.007409429550170899,0.0005316593313699605,entropy,3,1000,100,"{'criterion': 'entropy', 'max_depth': 3, 'max_features': 1000, 'n_estimators': 100}",0.7734375,0.6796875,0.71875,0.734375,0.703125,0.721875,0.031483502624390446,229
1.6580718994140624,0.07094201612375023,0.010878944396972656,0.0009448086829103372,entropy,3,1000,200,"{'criterion': 'entropy', 'max_depth': 3, 'max_features': 1000, 'n_estimators': 200}",0.7890625,0.703125,0.7578125,0.7421875,0.7265625,0.74375,0.028980057798424073,142
0.7154004096984863,0.015263350516039647,0.00559391975402832,0.0013552810260693583,entropy,3,2000,50,"{'criterion': 'entropy', 'max_depth': 3, 'max_features': 2000, 'n_estimators': 50}",0.65625,0.7109375,0.703125,0.7109375,0.6953125,0.6953125,0.020372507516258277,280
1.4901537418365478,0.11125993881024737,0.00737457275390625,0.0004892617723932051,entropy,3,2000,100,"{'criterion': 'entropy', 'max_depth': 3, 'max_features': 2000, 'n_estimators': 100}",0.7421875,0.7109375,0.7109375,0.734375,0.6875,0.7171875,0.01939011507186071,244
2.5971611022949217,0.4098487780452173,0.008991718292236328,0.0012755543449453062,entropy,3,2000,200,"{'criterion': 'entropy', 'max_depth': 3, 'max_features': 2000, 'n_estimators': 200}",0.7890625,0.703125,0.6875,0.703125,0.6953125,0.715625,0.03717305391678225,249
0.8161147594451904,0.012319153629568818,0.00438385009765625,0.00048799686699960046,entropy,3,3000,50,"{'criterion': 'entropy', 'max_depth': 3, 'max_features': 3000, 'n_estimators': 50}",0.671875,0.6953125,0.7109375,0.7265625,0.640625,0.6890625,0.03021731188408393,288
1.617937183380127,0.0254704108053685,0.0055830955505371095,0.00048807609241638134,entropy,3,3000,100,"{'criterion': 'entropy', 'max_depth': 3, 'max_features': 3000, 'n_estimators': 100}",0.7578125,0.703125,0.7265625,0.7265625,0.7265625,0.728125,0.01739926363384382,205
3.3853838443756104,0.11645279417817812,0.00896921157836914,0.0015427097155417922,entropy,3,3000,200,"{'criterion': 'entropy', 'max_depth': 3, 'max_features': 3000, 'n_estimators': 200}",0.7421875,0.6875,0.6953125,0.7109375,0.671875,0.7015625,0.023901653969966182,274
1.2173999786376952,0.07793331932730627,0.005579566955566407,0.0010154842680354344,entropy,3,4000,50,"{'criterion': 'entropy', 'max_depth': 3, 'max_features': 4000, 'n_estimators': 50}",0.7421875,0.703125,0.703125,0.7265625,0.6796875,0.7109375,0.02153757617514097,261
2.8225680351257325,0.06288669154387286,0.006775665283203125,0.0007456662541443533,entropy,3,4000,100,"{'criterion': 'entropy', 'max_depth': 3, 'max_features': 4000, 'n_estimators': 100}",0.765625,0.671875,0.6953125,0.6953125,0.7265625,0.7109375,0.03240068961457456,261
5.6328061580657955,0.17960727040150068,0.010562705993652343,0.0008004679222251753,entropy,3,4000,200,"{'criterion': 'entropy', 'max_depth': 3, 'max_features': 4000, 'n_estimators': 200}",0.75,0.6796875,0.71875,0.7421875,0.6796875,0.7140625,0.029892385108920297,255
1.7408809185028076,0.055286140487763966,0.005581712722778321,0.0007972003794188267,entropy,3,5000,50,"{'criterion': 'entropy', 'max_depth': 3, 'max_features': 5000, 'n_estimators': 50}",0.703125,0.6796875,0.6171875,0.71875,0.6953125,0.6828125,0.03514756837250623,294
3.424448823928833,0.3183873167818972,0.006976795196533203,0.001261162840581076,entropy,3,5000,100,"{'criterion': 'entropy', 'max_depth': 3, 'max_features': 5000, 'n_estimators': 100}",0.6875,0.6640625,0.640625,0.7421875,0.6640625,0.6796875,0.03458741190809165,297
5.017742109298706,0.07565834305047132,0.007973575592041015,2.8234236417937207e-06,entropy,3,5000,200,"{'criterion': 'entropy', 'max_depth': 3, 'max_features': 5000, 'n_estimators': 200}",0.71875,0.671875,0.7109375,0.703125,0.6640625,0.69375,0.02176310668310019,282
2.2344280242919923,0.1749925092074701,0.00458221435546875,0.00048797829923009174,entropy,3,8829,50,"{'criterion': 'entropy', 'max_depth': 3, 'max_features': 8829, 'n_estimators': 50}",0.75,0.703125,0.640625,0.734375,0.6328125,0.6921875,0.04780330793993236,285
5.752529764175415,0.2831554852033341,0.007575225830078125,0.0007984421349214748,entropy,3,8829,100,"{'criterion': 'entropy', 'max_depth': 3, 'max_features': 8829, 'n_estimators': 100}",0.6875,0.6796875,0.6484375,0.6953125,0.671875,0.6765625,0.016086922095292187,298
9.102652883529663,1.2814172795914527,0.009724855422973633,0.002619339453881014,entropy,3,8829,200,"{'criterion': 'entropy', 'max_depth': 3, 'max_features': 8829, 'n_estimators': 200}",0.6953125,0.65625,0.6328125,0.6875,0.6796875,0.6703125,0.022857404434887176,303
0.09964098930358886,0.012761188294951783,0.006451940536499024,0.0012731646741022571,entropy,5,10,50,"{'criterion': 'entropy', 'max_depth': 5, 'max_features': 10, 'n_estimators': 50}",0.703125,0.640625,0.609375,0.6796875,0.59375,0.6453125,0.04122158111960287,310
0.13847041130065918,0.009867325645306287,0.008775949478149414,0.0017098375528656411,entropy,5,10,100,"{'criterion': 'entropy', 'max_depth': 5, 'max_features': 10, 'n_estimators': 100}",0.765625,0.6640625,0.640625,0.8046875,0.75,0.725,0.06238270243024103,220
0.25591073036193845,0.02151977649793365,0.011562776565551759,0.001619666833569335,entropy,5,10,200,"{'criterion': 'entropy', 'max_depth': 5, 'max_features': 10, 'n_estimators': 200}",0.7734375,0.6875,0.75,0.7578125,0.7578125,0.7453125,0.029892385108920304,138
0.09404234886169434,0.00898138429851328,0.005382251739501953,0.0004884609249461174,entropy,5,15,50,"{'criterion': 'entropy', 'max_depth': 5, 'max_features': 15, 'n_estimators': 50}",0.7109375,0.6796875,0.640625,0.625,0.6796875,0.6671875,0.030698254225607034,306
0.14528932571411132,0.007778447030643265,0.00896921157836914,0.0006306020540188452,entropy,5,15,100,"{'criterion': 'entropy', 'max_depth': 5, 'max_features': 15, 'n_estimators': 100}",0.75,0.765625,0.6328125,0.671875,0.703125,0.7046875,0.04901370981674413,269
0.3007704734802246,0.016032718599803146,0.012355852127075195,0.0004906467465695926,entropy,5,15,200,"{'criterion': 'entropy', 'max_depth': 5, 'max_features': 15, 'n_estimators': 200}",0.796875,0.734375,0.7578125,0.703125,0.75,0.7484375,0.030618621784789725,124
0.10477185249328613,0.002667887519738413,0.00717473030090332,0.0023912211662326485,entropy,5,25,50,"{'criterion': 'entropy', 'max_depth': 5, 'max_features': 25, 'n_estimators': 50}",0.7109375,0.703125,0.7109375,0.7109375,0.7265625,0.7125,0.007654655446197431,256
0.1741347312927246,0.00947862077433676,0.007972335815429688,0.0010911444655356114,entropy,5,25,100,"{'criterion': 'entropy', 'max_depth': 5, 'max_features': 25, 'n_estimators': 100}",0.78125,0.7265625,0.765625,0.6796875,0.7421875,0.7390625,0.03514756837250623,169
0.30719695091247556,0.015060805630676034,0.010964345932006837,0.0006296960362941827,entropy,5,25,200,"{'criterion': 'entropy', 'max_depth': 5, 'max_features': 25, 'n_estimators': 200}",0.7578125,0.84375,0.7890625,0.765625,0.8515625,0.8015625,0.03909373750999001,7
0.11850461959838868,0.006690601452880626,0.006094932556152344,0.0013079194479463723,entropy,5,50,50,"{'criterion': 'entropy', 'max_depth': 5, 'max_features': 50, 'n_estimators': 50}",0.7421875,0.7265625,0.7109375,0.7109375,0.8203125,0.7421875,0.040745015032516554,154
0.21787576675415038,0.0014682544068875983,0.0073757171630859375,0.0011963857602856668,entropy,5,50,100,"{'criterion': 'entropy', 'max_depth': 5, 'max_features': 50, 'n_estimators': 100}",0.8125,0.75,0.703125,0.6640625,0.765625,0.7390625,0.05125381083392727,169
0.4042219161987305,0.011536468463701719,0.01016693115234375,0.0007454483673097893,entropy,5,50,200,"{'criterion': 'entropy', 'max_depth': 5, 'max_features': 50, 'n_estimators': 200}",0.84375,0.765625,0.7890625,0.8046875,0.8203125,0.8046875,0.02660841619676,2
0.15214805603027343,0.004568368443442557,0.006180906295776367,0.00039785349424468596,entropy,5,100,50,"{'criterion': 'entropy', 'max_depth': 5, 'max_features': 100, 'n_estimators': 50}",0.796875,0.7578125,0.7734375,0.6953125,0.796875,0.7640625,0.03743483922097168,74
0.2919013023376465,0.009752760495562177,0.007574462890625,0.0013497386460109165,entropy,5,100,100,"{'criterion': 'entropy', 'max_depth': 5, 'max_features': 100, 'n_estimators': 100}",0.8203125,0.765625,0.8046875,0.75,0.796875,0.7875,0.0258639771206982,27
0.5438254833221435,0.01669235883320605,0.010165929794311523,0.001714486890695961,entropy,5,100,200,"{'criterion': 'entropy', 'max_depth': 5, 'max_features': 100, 'n_estimators': 200}",0.828125,0.7890625,0.78125,0.7578125,0.7734375,0.7859375,0.023489525591207667,29
0.25978693962097166,0.008060947578131104,0.005582475662231445,0.0010168502881286194,entropy,5,250,50,"{'criterion': 'entropy', 'max_depth': 5, 'max_features': 250, 'n_estimators': 50}",0.796875,0.7421875,0.8046875,0.78125,0.75,0.775,0.024902152266420667,51
0.5009140014648438,0.00854807355140365,0.007176780700683593,0.0007445314774277653,entropy,5,250,100,"{'criterion': 'entropy', 'max_depth': 5, 'max_features': 250, 'n_estimators': 100}",0.796875,0.75,0.75,0.7734375,0.7421875,0.7625,0.020131404260508006,78
0.9500802516937256,0.015726656242507443,0.010364532470703125,0.001197695821105416,entropy,5,250,200,"{'criterion': 'entropy', 'max_depth': 5, 'max_features': 250, 'n_estimators': 200}",0.828125,0.7734375,0.796875,0.7734375,0.7578125,0.7859375,0.024506854908372067,29
0.2845144748687744,0.004313681552643041,0.004784297943115234,0.0007441747984103163,entropy,5,500,50,"{'criterion': 'entropy', 'max_depth': 5, 'max_features': 500, 'n_estimators': 50}",0.828125,0.75,0.7578125,0.703125,0.6953125,0.746875,0.04754726267094669,132
0.5717371463775635,0.020527255322782472,0.0057964324951171875,0.000768747499425675,entropy,5,500,100,"{'criterion': 'entropy', 'max_depth': 5, 'max_features': 500, 'n_estimators': 100}",0.796875,0.7578125,0.7421875,0.7734375,0.765625,0.7671875,0.01808724516060973,68
1.0834959506988526,0.011180901921489066,0.009169054031372071,0.0009778786824439544,entropy,5,500,200,"{'criterion': 'entropy', 'max_depth': 5, 'max_features': 500, 'n_estimators': 200}",0.828125,0.734375,0.7734375,0.75,0.765625,0.7703125,0.03186887195995491,62
0.48078231811523436,0.01367311693991059,0.004187297821044922,0.00040021515081651324,entropy,5,1000,50,"{'criterion': 'entropy', 'max_depth': 5, 'max_features': 1000, 'n_estimators': 50}",0.78125,0.6875,0.6875,0.75,0.734375,0.728125,0.03644344934278313,205
0.9464723587036132,0.01758860147626428,0.0059811115264892575,3.3125599733273327e-06,entropy,5,1000,100,"{'criterion': 'entropy', 'max_depth': 5, 'max_features': 1000, 'n_estimators': 100}",0.8125,0.703125,0.7265625,0.71875,0.7421875,0.740625,0.03808143002173107,163
1.8831759452819825,0.017479377515585672,0.008173751831054687,0.0003987333130708031,entropy,5,1000,200,"{'criterion': 'entropy', 'max_depth': 5, 'max_features': 1000, 'n_estimators': 200}",0.8046875,0.734375,0.765625,0.765625,0.7265625,0.759375,0.02768757054167086,90
1.070617151260376,0.14276990472790924,0.007986307144165039,0.0015693170175058355,entropy,5,2000,50,"{'criterion': 'entropy', 'max_depth': 5, 'max_features': 2000, 'n_estimators': 50}",0.78125,0.6953125,0.7109375,0.796875,0.703125,0.7375,0.04267656338671144,172
2.3462833404541015,0.03430369865823086,0.009768390655517578,0.003589439414260656,entropy,5,2000,100,"{'criterion': 'entropy', 'max_depth': 5, 'max_features': 2000, 'n_estimators': 100}",0.7734375,0.7265625,0.7578125,0.75,0.703125,0.7421875,0.024705294220065465,154
3.786920261383057,0.6376395177116388,0.008969354629516601,0.0015424942797791857,entropy,5,2000,200,"{'criterion': 'entropy', 'max_depth': 5, 'max_features': 2000, 'n_estimators': 200}",0.765625,0.734375,0.7421875,0.7734375,0.703125,0.74375,0.024902152266420667,142
1.2195447921752929,0.09765576050116935,0.005384016036987305,0.0007967730096247109,entropy,5,3000,50,"{'criterion': 'entropy', 'max_depth': 5, 'max_features': 3000, 'n_estimators': 50}",0.7421875,0.7109375,0.7109375,0.6875,0.7265625,0.715625,0.018221724671391562,249
2.884663200378418,0.4129872742322947,0.00697622299194336,0.0008908477790418252,entropy,5,3000,100,"{'criterion': 'entropy', 'max_depth': 5, 'max_features': 3000, 'n_estimators': 100}",0.78125,0.703125,0.6953125,0.703125,0.7109375,0.71875,0.03163821364268216,237
5.419214677810669,0.9900786359657329,0.008772659301757812,0.0011630402118469247,entropy,5,3000,200,"{'criterion': 'entropy', 'max_depth': 5, 'max_features': 3000, 'n_estimators': 200}",0.765625,0.6875,0.7265625,0.75,0.703125,0.7265625,0.028811076429040273,211
1.9187390804290771,0.18895862148841414,0.005781221389770508,0.0009768548147049989,entropy,5,4000,50,"{'criterion': 'entropy', 'max_depth': 5, 'max_features': 4000, 'n_estimators': 50}",0.7734375,0.6953125,0.6953125,0.734375,0.7265625,0.725,0.028980057798424077,220
3.734600877761841,0.5626234437317719,0.00697636604309082,0.0012598819639816675,entropy,5,4000,100,"{'criterion': 'entropy', 'max_depth': 5, 'max_features': 4000, 'n_estimators': 100}",0.75,0.6640625,0.7265625,0.7734375,0.734375,0.7296875,0.036510379517337266,201
7.501649570465088,0.8906455668868122,0.009966325759887696,0.001261616023510082,entropy,5,4000,200,"{'criterion': 'entropy', 'max_depth': 5, 'max_features': 4000, 'n_estimators': 200}",0.7890625,0.6875,0.7109375,0.703125,0.703125,0.71875,0.03597145135381668,237
2.406484508514404,0.30854999797079163,0.005182313919067383,0.0007458305001591138,entropy,5,5000,50,"{'criterion': 'entropy', 'max_depth': 5, 'max_features': 5000, 'n_estimators': 50}",0.78125,0.7109375,0.671875,0.7265625,0.6875,0.715625,0.03782412011534439,249
4.6701335430145265,0.5833348094758746,0.007683897018432617,0.0011766194289961197,entropy,5,5000,100,"{'criterion': 'entropy', 'max_depth': 5, 'max_features': 5000, 'n_estimators': 100}",0.765625,0.703125,0.6875,0.75,0.71875,0.725,0.028980057798424077,220
9.905049657821655,0.5297195035363511,0.011728715896606446,0.0006957181827400904,entropy,5,5000,200,"{'criterion': 'entropy', 'max_depth': 5, 'max_features': 5000, 'n_estimators': 200}",0.7734375,0.6796875,0.703125,0.7421875,0.71875,0.7234375,0.032249636625859834,226
3.504098892211914,0.19632958007598877,0.006379032135009765,0.001848396608095174,entropy,5,8829,50,"{'criterion': 'entropy', 'max_depth': 5, 'max_features': 8829, 'n_estimators': 50}",0.7734375,0.7421875,0.6328125,0.7734375,0.6640625,0.7171875,0.058128360117932105,244
7.7496062278747555,0.15807538139587335,0.00697793960571289,0.0020925786812770047,entropy,5,8829,100,"{'criterion': 'entropy', 'max_depth': 5, 'max_features': 8829, 'n_estimators': 100}",0.7734375,0.734375,0.703125,0.765625,0.6796875,0.73125,0.03583545294118661,193
14.907957315444946,0.2434354591830822,0.013150167465209962,0.0036940796457395086,entropy,5,8829,200,"{'criterion': 'entropy', 'max_depth': 5, 'max_features': 8829, 'n_estimators': 200}",0.7734375,0.7109375,0.6640625,0.7578125,0.703125,0.721875,0.03940475066537029,229
0.10213303565979004,0.016391320659926926,0.005620622634887695,0.0013657529113801372,entropy,7,10,50,"{'criterion': 'entropy', 'max_depth': 7, 'max_features': 10, 'n_estimators': 50}",0.6875,0.7421875,0.671875,0.703125,0.703125,0.7015625,0.023385358667337132,274
0.13454909324645997,0.015002555987891329,0.007784223556518555,0.002781986879567857,entropy,7,10,100,"{'criterion': 'entropy', 'max_depth': 7, 'max_features': 10, 'n_estimators': 100}",0.8046875,0.703125,0.71875,0.7578125,0.65625,0.728125,0.05024354747129227,205
0.24569787979125976,0.028669912086190512,0.011394548416137695,0.0046561617818773465,entropy,7,10,200,"{'criterion': 'entropy', 'max_depth': 7, 'max_features': 10, 'n_estimators': 200}",0.75,0.765625,0.734375,0.7578125,0.78125,0.7578125,0.015625,94
0.0820202350616455,0.015314910538973013,0.005593538284301758,0.002742531006722796,entropy,7,15,50,"{'criterion': 'entropy', 'max_depth': 7, 'max_features': 15, 'n_estimators': 50}",0.7265625,0.6171875,0.6875,0.7109375,0.703125,0.6890625,0.03808143002173107,288
0.12780399322509767,0.011341025914311718,0.007374429702758789,0.0017382650934664634,entropy,7,15,100,"{'criterion': 'entropy', 'max_depth': 7, 'max_features': 15, 'n_estimators': 100}",0.7421875,0.7890625,0.703125,0.7421875,0.7890625,0.753125,0.03262595784034547,107
0.27369089126586915,0.016048481527921866,0.009368181228637695,0.001953687746264731,entropy,7,15,200,"{'criterion': 'entropy', 'max_depth': 7, 'max_features': 15, 'n_estimators': 200}",0.8203125,0.7734375,0.7265625,0.7578125,0.8125,0.778125,0.03479852726768764,45
0.09921517372131347,0.012686192774223864,0.004384660720825195,0.0004872361328794238,entropy,7,25,50,"{'criterion': 'entropy', 'max_depth': 7, 'max_features': 25, 'n_estimators': 50}",0.7578125,0.71875,0.796875,0.6953125,0.7578125,0.7453125,0.03514756837250623,138
0.176438045501709,0.02921351471680172,0.007374238967895508,0.0029300840435092287,entropy,7,25,100,"{'criterion': 'entropy', 'max_depth': 7, 'max_features': 25, 'n_estimators': 100}",0.7890625,0.75,0.7421875,0.7265625,0.796875,0.7609375,0.027332587007087343,84
0.3139672756195068,0.01784495720417646,0.010964441299438476,0.005979275939910326,entropy,7,25,200,"{'criterion': 'entropy', 'max_depth': 7, 'max_features': 25, 'n_estimators': 200}",0.8203125,0.7734375,0.7890625,0.796875,0.7890625,0.79375,0.01530931089239486,16
0.11196136474609375,0.011975073658672937,0.004384040832519531,0.0004857124945779013,entropy,7,50,50,"{'criterion': 'entropy', 'max_depth': 7, 'max_features': 50, 'n_estimators': 50}",0.7734375,0.71875,0.6953125,0.703125,0.7734375,0.7328125,0.03401803290168319,187
0.23380422592163086,0.02563714580425883,0.007177305221557617,0.003419916250585697,entropy,7,50,100,"{'criterion': 'entropy', 'max_depth': 7, 'max_features': 50, 'n_estimators': 100}",0.7890625,0.75,0.703125,0.7265625,0.796875,0.753125,0.03583545294118661,107
0.42791500091552737,0.05065825699416913,0.014394903182983398,0.005480721604855505,entropy,7,50,200,"{'criterion': 'entropy', 'max_depth': 7, 'max_features': 50, 'n_estimators': 200}",0.828125,0.8125,0.7734375,0.78125,0.8203125,0.803125,0.021763106683100185,5
0.15604982376098633,0.023510462335973144,0.008577394485473632,0.004114671997141038,entropy,7,100,50,"{'criterion': 'entropy', 'max_depth': 7, 'max_features': 100, 'n_estimators': 50}",0.796875,0.7421875,0.734375,0.7265625,0.8046875,0.7609375,0.03299798762803574,84
0.30559258460998534,0.025240595361973713,0.0071770668029785155,0.0021301030054580515,entropy,7,100,100,"{'criterion': 'entropy', 'max_depth': 7, 'max_features': 100, 'n_estimators': 100}",0.828125,0.7421875,0.765625,0.734375,0.78125,0.7703125,0.03336586953759785,62
0.5711922645568848,0.020900096310396764,0.008571004867553711,0.0010165037741798073,entropy,7,100,200,"{'criterion': 'entropy', 'max_depth': 7, 'max_features': 100, 'n_estimators': 200}",0.8515625,0.7734375,0.765625,0.8125,0.7890625,0.7984375,0.031014739439498763,10
0.28241677284240724,0.02491699364052013,0.005800676345825195,0.0012979113235064876,entropy,7,250,50,"{'criterion': 'entropy', 'max_depth': 7, 'max_features': 250, 'n_estimators': 50}",0.8046875,0.796875,0.765625,0.796875,0.75,0.7828125,0.021194781197266463,38
0.5210525989532471,0.03076444518503803,0.006579208374023438,0.0016206285435591242,entropy,7,250,100,"{'criterion': 'entropy', 'max_depth': 7, 'max_features': 250, 'n_estimators': 100}",0.8203125,0.765625,0.7421875,0.765625,0.7421875,0.7671875,0.028555729503901665,68
1.033726406097412,0.05877397117869769,0.010576677322387696,0.002650938913364877,entropy,7,250,200,"{'criterion': 'entropy', 'max_depth': 7, 'max_features': 250, 'n_estimators': 200}",0.8046875,0.7734375,0.7578125,0.78125,0.78125,0.7796875,0.01514899955442603,43
0.46011695861816404,0.031234623266094896,0.006423234939575195,0.003308610919724973,entropy,7,500,50,"{'criterion': 'entropy', 'max_depth': 7, 'max_features': 500, 'n_estimators': 50}",0.78125,0.6953125,0.7734375,0.7265625,0.765625,0.7484375,0.03255104164999947,124
0.8798572540283203,0.02693100549604998,0.0071770668029785155,0.0023923165031353023,entropy,7,500,100,"{'criterion': 'entropy', 'max_depth': 7, 'max_features': 500, 'n_estimators': 100}",0.8125,0.7578125,0.765625,0.75,0.7734375,0.771875,0.02176310668310019,60
1.7277985095977784,0.02148106640085906,0.01056666374206543,0.003866069314210829,entropy,7,500,200,"{'criterion': 'entropy', 'max_depth': 7, 'max_features': 500, 'n_estimators': 200}",0.8046875,0.7578125,0.7421875,0.8046875,0.7734375,0.7765625,0.024999999999999998,50
0.7329411983489991,0.03308283797762074,0.004784345626831055,0.0003981642522868773,entropy,7,1000,50,"{'criterion': 'entropy', 'max_depth': 7, 'max_features': 1000, 'n_estimators': 50}",0.78125,0.71875,0.7265625,0.6875,0.703125,0.7234375,0.03186887195995491,226
1.4948365688323975,0.07706758434215913,0.009191036224365234,0.002814094308776489,entropy,7,1000,100,"{'criterion': 'entropy', 'max_depth': 7, 'max_features': 1000, 'n_estimators': 100}",0.7734375,0.734375,0.71875,0.7578125,0.7734375,0.7515625,0.02176310668310019,111
3.033105421066284,0.12388993631871308,0.009956169128417968,0.002095814596483514,entropy,7,1000,200,"{'criterion': 'entropy', 'max_depth': 7, 'max_features': 1000, 'n_estimators': 200}",0.78125,0.734375,0.765625,0.75,0.765625,0.759375,0.015934435979977454,90
1.2431876182556152,0.06243510077687025,0.006781244277954101,0.0024744288725051934,entropy,7,2000,50,"{'criterion': 'entropy', 'max_depth': 7, 'max_features': 2000, 'n_estimators': 50}",0.78125,0.734375,0.71875,0.765625,0.765625,0.753125,0.022963966338592292,107
2.5856926918029783,0.10397493498107796,0.01056060791015625,0.004695369041897208,entropy,7,2000,100,"{'criterion': 'entropy', 'max_depth': 7, 'max_features': 2000, 'n_estimators': 100}",0.7890625,0.6875,0.7578125,0.75,0.7265625,0.7421875,0.033874192794810624,154
5.292856073379516,0.11394778043025558,0.01196146011352539,0.004593463474265866,entropy,7,2000,200,"{'criterion': 'entropy', 'max_depth': 7, 'max_features': 2000, 'n_estimators': 200}",0.8046875,0.7265625,0.75,0.7421875,0.7265625,0.75,0.028811076429040273,115
1.8180031299591064,0.07985937812859979,0.004995393753051758,0.0006270795055999732,entropy,7,3000,50,"{'criterion': 'entropy', 'max_depth': 7, 'max_features': 3000, 'n_estimators': 50}",0.765625,0.7265625,0.6796875,0.7578125,0.6796875,0.721875,0.03684320663297374,229
3.6938576221466066,0.06288608968870416,0.006180095672607422,0.0011638411512921673,entropy,7,3000,100,"{'criterion': 'entropy', 'max_depth': 7, 'max_features': 3000, 'n_estimators': 100}",0.7890625,0.71875,0.7109375,0.78125,0.703125,0.740625,0.03677688217481194,163
7.141319847106933,0.14503145001628512,0.011363506317138672,0.0024086254860197086,entropy,7,3000,200,"{'criterion': 'entropy', 'max_depth': 7, 'max_features': 3000, 'n_estimators': 200}",0.796875,0.7265625,0.7421875,0.7421875,0.71875,0.7453125,0.027332587007087343,138
2.2733642578125,0.06355367120077283,0.0065787315368652345,0.0027152996747867356,entropy,7,4000,50,"{'criterion': 'entropy', 'max_depth': 7, 'max_features': 4000, 'n_estimators': 50}",0.75,0.734375,0.6875,0.765625,0.6875,0.725,0.032173844190584375,220
4.589245462417603,0.06610565134435166,0.009440994262695313,0.0025222567602769933,entropy,7,4000,100,"{'criterion': 'entropy', 'max_depth': 7, 'max_features': 4000, 'n_estimators': 100}",0.78125,0.6953125,0.71875,0.7265625,0.7265625,0.7296875,0.028211672008230923,201
8.995861673355103,0.22087771747696147,0.013385295867919922,0.004404632941328307,entropy,7,4000,200,"{'criterion': 'entropy', 'max_depth': 7, 'max_features': 4000, 'n_estimators': 200}",0.7734375,0.703125,0.7109375,0.734375,0.7265625,0.7296875,0.024506854908372067,201
2.8957643508911133,0.1259994980526755,0.006977605819702149,0.0028886586550907556,entropy,7,5000,50,"{'criterion': 'entropy', 'max_depth': 7, 'max_features': 5000, 'n_estimators': 50}",0.7734375,0.7109375,0.7421875,0.6953125,0.7109375,0.7265625,0.02795084971874737,211
5.546726274490356,0.08384458931740725,0.008799409866333008,0.002789036405410281,entropy,7,5000,100,"{'criterion': 'entropy', 'max_depth': 7, 'max_features': 5000, 'n_estimators': 100}",0.7734375,0.703125,0.7265625,0.7734375,0.7109375,0.7375,0.030297999108852055,172
11.019655323028564,0.1384573033855869,0.011177825927734374,0.0025626706351209202,entropy,7,5000,200,"{'criterion': 'entropy', 'max_depth': 7, 'max_features': 5000, 'n_estimators': 200}",0.8203125,0.7265625,0.7109375,0.765625,0.703125,0.7453125,0.0432448515721814,138
4.60572075843811,0.08876690282585709,0.005183792114257813,0.0015951879595686343,entropy,7,8829,50,"{'criterion': 'entropy', 'max_depth': 7, 'max_features': 8829, 'n_estimators': 50}",0.78125,0.734375,0.71875,0.7109375,0.7109375,0.73125,0.02642427269576213,193
9.15162172317505,0.2771452456771685,0.005943393707275391,0.0011032419823457235,entropy,7,8829,100,"{'criterion': 'entropy', 'max_depth': 7, 'max_features': 8829, 'n_estimators': 100}",0.796875,0.7421875,0.6953125,0.7421875,0.6796875,0.73125,0.041221581119602876,193
18.684749412536622,0.5896200251449166,0.014554214477539063,0.0031222744702629713,entropy,7,8829,200,"{'criterion': 'entropy', 'max_depth': 7, 'max_features': 8829, 'n_estimators': 200}",0.7890625,0.703125,0.734375,0.75,0.7421875,0.74375,0.02768757054167086,142
0.09437627792358398,0.013609273524144885,0.0069980621337890625,0.002853340463826502,entropy,10,10,50,"{'criterion': 'entropy', 'max_depth': 10, 'max_features': 10, 'n_estimators': 50}",0.7578125,0.671875,0.6796875,0.7265625,0.7109375,0.709375,0.03140586131600279,264
0.17167434692382813,0.02390126368023714,0.008980703353881837,0.004156385137529796,entropy,10,10,100,"{'criterion': 'entropy', 'max_depth': 10, 'max_features': 10, 'n_estimators': 100}",0.7890625,0.703125,0.75,0.7265625,0.78125,0.75,0.03240068961457456,115
0.27591352462768554,0.032719506728225406,0.009390735626220703,0.0008435736475539251,entropy,10,10,200,"{'criterion': 'entropy', 'max_depth': 10, 'max_features': 10, 'n_estimators': 200}",0.7890625,0.84375,0.7734375,0.796875,0.859375,0.8125,0.03314563036811941,1
0.08796272277832032,0.010158216882819386,0.006379508972167968,0.002236760861086777,entropy,10,15,50,"{'criterion': 'entropy', 'max_depth': 10, 'max_features': 15, 'n_estimators': 50}",0.6875,0.75,0.734375,0.796875,0.671875,0.728125,0.04485218779502289,205
0.15635104179382325,0.02705933530565607,0.007584810256958008,0.0027406796556665915,entropy,10,15,100,"{'criterion': 'entropy', 'max_depth': 10, 'max_features': 15, 'n_estimators': 100}",0.78125,0.765625,0.703125,0.7265625,0.7578125,0.746875,0.02821167200823092,132
0.3037104606628418,0.03378933184414427,0.014360666275024414,0.002567338991748797,entropy,10,15,200,"{'criterion': 'entropy', 'max_depth': 10, 'max_features': 15, 'n_estimators': 200}",0.8046875,0.8359375,0.7421875,0.765625,0.8046875,0.790625,0.03292391797766481,20
0.10290164947509765,0.01140051775058149,0.005600738525390625,0.0017315862514560648,entropy,10,25,50,"{'criterion': 'entropy', 'max_depth': 10, 'max_features': 25, 'n_estimators': 50}",0.7578125,0.6953125,0.78125,0.7421875,0.7578125,0.746875,0.028641098093474003,132
0.17457451820373535,0.00391534618866806,0.00817108154296875,0.0026273044864629654,entropy,10,25,100,"{'criterion': 'entropy', 'max_depth': 10, 'max_features': 25, 'n_estimators': 100}",0.796875,0.796875,0.7578125,0.75,0.7890625,0.778125,0.02013140426050801,45
0.33943815231323243,0.02206320422102531,0.009369325637817384,0.000798010888438302,entropy,10,25,200,"{'criterion': 'entropy', 'max_depth': 10, 'max_features': 25, 'n_estimators': 200}",0.796875,0.7734375,0.796875,0.7578125,0.8515625,0.7953125,0.031792171795899694,12
0.13162698745727539,0.014374594826472015,0.00677947998046875,0.0026307809094991896,entropy,10,50,50,"{'criterion': 'entropy', 'max_depth': 10, 'max_features': 50, 'n_estimators': 50}",0.7890625,0.75,0.796875,0.7265625,0.7421875,0.7609375,0.027332587007087343,84
0.27645316123962405,0.01982267663947738,0.007575607299804688,0.0013514828824760655,entropy,10,50,100,"{'criterion': 'entropy', 'max_depth': 10, 'max_features': 50, 'n_estimators': 100}",0.7734375,0.7890625,0.8203125,0.796875,0.7734375,0.790625,0.01739926363384382,20
0.46749377250671387,0.029183175905388735,0.011959362030029296,0.0033355546462098843,entropy,10,50,200,"{'criterion': 'entropy', 'max_depth': 10, 'max_features': 50, 'n_estimators': 200}",0.7890625,0.78125,0.7890625,0.765625,0.8046875,0.7859375,0.012693810007243688,29
0.19248394966125487,0.02202216923635995,0.006977701187133789,0.003150453009602948,entropy,10,100,50,"{'criterion': 'entropy', 'max_depth': 10, 'max_features': 100, 'n_estimators': 50}",0.7890625,0.765625,0.75,0.7265625,0.78125,0.7625,0.02242609389751144,78
0.3484981536865234,0.0193588792545272,0.008372116088867187,0.0029980329419268636,entropy,10,100,100,"{'criterion': 'entropy', 'max_depth': 10, 'max_features': 100, 'n_estimators': 100}",0.84375,0.7265625,0.78125,0.7734375,0.828125,0.790625,0.041751216299648085,20
0.7589855670928956,0.0460193126337835,0.012046575546264648,0.0017459355529689654,entropy,10,100,200,"{'criterion': 'entropy', 'max_depth': 10, 'max_features': 100, 'n_estimators': 200}",0.8125,0.8046875,0.7734375,0.75,0.828125,0.79375,0.028211672008230916,16
0.3479717254638672,0.03527903598036335,0.005800294876098633,0.0016332627178059806,entropy,10,250,50,"{'criterion': 'entropy', 'max_depth': 10, 'max_features': 250, 'n_estimators': 50}",0.8125,0.78125,0.7421875,0.765625,0.765625,0.7734375,0.023175620272173948,56
0.712387228012085,0.09960516615030171,0.012492179870605469,0.004996414596466614,entropy,10,250,100,"{'criterion': 'entropy', 'max_depth': 10, 'max_features': 250, 'n_estimators': 100}",0.796875,0.7734375,0.7578125,0.796875,0.765625,0.778125,0.016086922095292187,45
1.3763113498687745,0.075295665001975,0.012357234954833984,0.004209473781560618,entropy,10,250,200,"{'criterion': 'entropy', 'max_depth': 10, 'max_features': 250, 'n_estimators': 200}",0.8203125,0.7890625,0.796875,0.796875,0.7734375,0.7953125,0.015148999554426027,12
0.5435733318328857,0.030550201660100005,0.009579133987426759,0.002644702549157229,entropy,10,500,50,"{'criterion': 'entropy', 'max_depth': 10, 'max_features': 500, 'n_estimators': 50}",0.8203125,0.7734375,0.75,0.7890625,0.7421875,0.775,0.028125,51
1.0676211357116698,0.06292389129217373,0.00597996711730957,0.0006298463379640932,entropy,10,500,100,"{'criterion': 'entropy', 'max_depth': 10, 'max_features': 500, 'n_estimators': 100}",0.796875,0.7265625,0.734375,0.7734375,0.7890625,0.7640625,0.028555729503901665,74
2.1222880363464354,0.09637899879150347,0.010166501998901368,0.0029840033688935384,entropy,10,500,200,"{'criterion': 'entropy', 'max_depth': 10, 'max_features': 500, 'n_estimators': 200}",0.859375,0.7578125,0.7421875,0.7734375,0.7890625,0.784375,0.040625,36
0.9112349510192871,0.061397503115496965,0.006578397750854492,0.001354077849101992,entropy,10,1000,50,"{'criterion': 'entropy', 'max_depth': 10, 'max_features': 1000, 'n_estimators': 50}",0.765625,0.7265625,0.7578125,0.765625,0.734375,0.75,0.01638763825265862,115
1.852550458908081,0.05981648865596295,0.0071754932403564455,0.002392268596075973,entropy,10,1000,100,"{'criterion': 'entropy', 'max_depth': 10, 'max_features': 1000, 'n_estimators': 100}",0.8046875,0.75,0.75,0.78125,0.75,0.7671875,0.022316963839196406,68
3.5583829402923586,0.10495641179244929,0.009967899322509766,0.001091709802353673,entropy,10,1000,200,"{'criterion': 'entropy', 'max_depth': 10, 'max_features': 1000, 'n_estimators': 200}",0.8046875,0.75,0.7578125,0.7734375,0.78125,0.7734375,0.019136638615493577,56
1.5904292106628417,0.06290019811113601,0.0065839290618896484,0.002414120072419721,entropy,10,2000,50,"{'criterion': 'entropy', 'max_depth': 10, 'max_features': 2000, 'n_estimators': 50}",0.765625,0.7421875,0.6875,0.734375,0.7421875,0.734375,0.025674494883054663,183
3.1279823780059814,0.052688192677097394,0.012958097457885741,0.004633269772548233,entropy,10,2000,100,"{'criterion': 'entropy', 'max_depth': 10, 'max_features': 2000, 'n_estimators': 100}",0.8046875,0.734375,0.734375,0.75,0.71875,0.7484375,0.029810600044279552,124
6.15434308052063,0.13821743198588296,0.012777090072631836,0.0044804852313603755,entropy,10,2000,200,"{'criterion': 'entropy', 'max_depth': 10, 'max_features': 2000, 'n_estimators': 200}",0.7890625,0.7421875,0.7578125,0.796875,0.7421875,0.765625,0.023175620272173948,71
2.194619607925415,0.06752127457236598,0.0065972328186035155,0.0018439750219336087,entropy,10,3000,50,"{'criterion': 'entropy', 'max_depth': 10, 'max_features': 3000, 'n_estimators': 50}",0.7734375,0.7421875,0.7109375,0.7890625,0.703125,0.74375,0.03365728004459065,142
4.544550895690918,0.18380245160994726,0.007975101470947266,0.0025202524324033533,entropy,10,3000,100,"{'criterion': 'entropy', 'max_depth': 10, 'max_features': 3000, 'n_estimators': 100}",0.765625,0.7421875,0.75,0.796875,0.7265625,0.75625,0.02390165396996618,99
8.697257900238037,0.1797023735260416,0.010810756683349609,0.001505412189492045,entropy,10,3000,200,"{'criterion': 'entropy', 'max_depth': 10, 'max_features': 3000, 'n_estimators': 200}",0.7734375,0.75,0.7421875,0.8046875,0.7265625,0.759375,0.027243118397129208,90
2.8957736492156982,0.09553811764749937,0.005182886123657226,0.0003988028534744118,entropy,10,4000,50,"{'criterion': 'entropy', 'max_depth': 10, 'max_features': 4000, 'n_estimators': 50}",0.7734375,0.7265625,0.71875,0.734375,0.7265625,0.7359375,0.019390115071860715,180
5.5614790439605715,0.12876032000928536,0.0075778007507324215,0.002050754525302847,entropy,10,4000,100,"{'criterion': 'entropy', 'max_depth': 10, 'max_features': 4000, 'n_estimators': 100}",0.78125,0.7265625,0.7734375,0.765625,0.703125,0.75,0.030055287596361478,115
11.054871845245362,0.10448974162184524,0.014171504974365234,0.004289932894162668,entropy,10,4000,200,"{'criterion': 'entropy', 'max_depth': 10, 'max_features': 4000, 'n_estimators': 200}",0.8125,0.75,0.7578125,0.7890625,0.7109375,0.7640625,0.034728298079520104,74
3.4089858531951904,0.13491668247673946,0.005976819992065429,0.0030163607153253164,entropy,10,5000,50,"{'criterion': 'entropy', 'max_depth': 10, 'max_features': 5000, 'n_estimators': 50}",0.78125,0.7265625,0.7421875,0.7890625,0.734375,0.7546875,0.02548360379734389,103
6.623800611495971,0.14990276302875868,0.006764698028564453,0.0009797861492119064,entropy,10,5000,100,"{'criterion': 'entropy', 'max_depth': 10, 'max_features': 5000, 'n_estimators': 100}",0.796875,0.734375,0.7421875,0.7734375,0.7265625,0.7546875,0.02642427269576213,103
13.490549230575562,0.26048622712111685,0.011780786514282226,0.004298464661433225,entropy,10,5000,200,"{'criterion': 'entropy', 'max_depth': 10, 'max_features': 5000, 'n_estimators': 200}",0.7890625,0.7265625,0.7265625,0.78125,0.71875,0.7484375,0.030217311884083935,124
5.519169664382934,0.19259853926582207,0.007383489608764648,0.002993445738834497,entropy,10,8829,50,"{'criterion': 'entropy', 'max_depth': 10, 'max_features': 8829, 'n_estimators': 50}",0.7578125,0.7421875,0.7421875,0.7734375,0.6953125,0.7421875,0.02614562582918986,154
10.872559404373169,0.3596121128583531,0.00837101936340332,0.0027191180338623326,entropy,10,8829,100,"{'criterion': 'entropy', 'max_depth': 10, 'max_features': 8829, 'n_estimators': 100}",0.7578125,0.7109375,0.7109375,0.796875,0.7109375,0.7375,0.03479852726768763,172
22.191531038284303,0.6863940865858825,0.016163206100463866,0.0037731542351393797,entropy,10,8829,200,"{'criterion': 'entropy', 'max_depth': 10, 'max_features': 8829, 'n_estimators': 200}",0.7890625,0.7421875,0.7265625,0.7734375,0.7265625,0.7515625,0.025387620014487376,111
